Year,State,E_Waste_Generated_Lbs,E_Waste_Recycled_Lbs,Recycling_Rate_%,Gold_Recovered_grams,Copper_Recovered_kg,Silver_Recovered_grams,CO2_Saved_kg,Revenue_Generated_USD,Source_Notes
2015,Alabama,74912000.0,26219200.0,35.0,4588.36,10487.68,1573.15,7079184.0,1442056.0,Modeled from EPA-style national trend + 2020 Census populations; metals/CO2 factors from USGS/DOE literature.
2015,Alaska,10347414.0,3621595.0,35.0,633.78,1448.64,217.3,977831.0,199188.0,Modeled from EPA-style national trend + 2020 Census populations; metals/CO2 factors from USGS/DOE literature.
2015,Arizona,116519422.0,40781798.0,35.0,7136.81,16312.72,2446.91,11011085.0,2242999.0,Modeled from EPA-style national trend + 2020 Census populations; metals/CO2 factors from USGS/DOE literature.
2015,Arkansas,44025469.0,15408914.0,35.0,2696.56,6163.57,924.53,4160407.0,847490.0,Modeled from EPA-style national trend + 2020 Census populations; metals/CO2 factors from USGS/DOE literature.
2015,California,552981587.0,193543555.0,35.0,33870.12,77417.42,11612.61,52256760.0,10644896.0,Modeled from EPA-style national trend + 2020 Census populations; metals/CO2 factors from USGS/DOE literature.
2015,Colorado,78412810.0,27444483.0,35.0,4802.78,10977.79,1646.67,7410011.0,1509447.0,Modeled from EPA-style national trend + 2020 Census populations; metals/CO2 factors from USGS/DOE literature.
2015,Connecticut,51665966.0,18083088.0,35.0,3164.54,7233.24,1084.99,4882434.0,994570.0,Modeled from EPA-style national trend + 2020 Census populations; metals/CO2 factors from USGS/DOE literature.
2015,Delaware,14088940.0,4931129.0,35.0,862.95,1972.45,295.87,1331405.0,271212.0,Modeled from EPA-style national trend + 2020 Census populations; metals/CO2 factors from USGS/DOE literature.
2015,Florida,329728105.0,115404837.0,35.0,20195.85,46161.93,6924.29,31159306.0,6347266.0,Modeled from EPA-style national trend + 2020 Census populations; metals/CO2 factors from USGS/DOE literature.
2015,Georgia,153126725.0,53594354.0,35.0,9379.01,21437.74,3215.66,14470475.0,2947689.0,Modeled from EPA-style national trend + 2020 Census populations; metals/CO2 factors from USGS/DOE literature.
2015,Hawaii,21313899.0,7459865.0,35.0,1305.48,2983.95,447.59,2014163.0,410293.0,Modeled from EPA-style national trend + 2020 Census populations; metals/CO2 factors from USGS/DOE literature.
2015,Idaho,28789365.0,10076278.0,35.0,1763.35,4030.51,604.58,2720595.0,554195.0,Modeled from EPA-style national trend + 2020 Census populations; metals/CO2 factors from USGS/DOE literature.
2015,Illinois,186268241.0,65193884.0,35.0,11408.93,26077.55,3911.63,17602349.0,3585664.0,Modeled from EPA-style national trend + 2020 Census populations; metals/CO2 factors from USGS/DOE literature.
2015,Indiana,106342795.0,37219978.0,35.0,6513.5,14887.99,2233.2,10049394.0,2047099.0,Modeled from EPA-style national trend + 2020 Census populations; metals/CO2 factors from USGS/DOE literature.
2015,Iowa,49310343.0,17258620.0,35.0,3020.26,6903.45,1035.52,4659827.0,949224.0,Modeled from EPA-style national trend + 2020 Census populations; metals/CO2 factors from USGS/DOE literature.
2015,Kansas,45901437.0,16065503.0,35.0,2811.46,6426.2,963.93,4337686.0,883603.0,Modeled from EPA-style national trend + 2020 Census populations; metals/CO2 factors from USGS/DOE literature.
2015,Kentucky,68479696.0,23967893.0,35.0,4194.38,9587.16,1438.07,6471331.0,1318234.0,Modeled from EPA-style national trend + 2020 Census populations; metals/CO2 factors from USGS/DOE literature.
2015,Louisiana,74114229.0,25939980.0,35.0,4539.5,10375.99,1556.4,7003795.0,1426699.0,Modeled from EPA-style national trend + 2020 Census populations; metals/CO2 factors from USGS/DOE literature.
2015,Maine,20831831.0,7291141.0,35.0,1275.95,2916.46,437.47,1968608.0,401013.0,Modeled from EPA-style national trend + 2020 Census populations; metals/CO2 factors from USGS/DOE literature.
2015,Maryland,89415317.0,31295361.0,35.0,5476.69,12518.14,1877.72,8449747.0,1721245.0,Modeled from EPA-style national trend + 2020 Census populations; metals/CO2 factors from USGS/DOE literature.
2015,Massachusetts,111459334.0,39010767.0,35.0,6826.88,15604.31,2340.65,10532907.0,2145592.0,Modeled from EPA-style national trend + 2020 Census populations; metals/CO2 factors from USGS/DOE literature.
2015,Michigan,139611344.0,48863970.0,35.0,8551.19,19545.59,2931.84,13193272.0,2687518.0,Modeled from EPA-style national trend + 2020 Census populations; metals/CO2 factors from USGS/DOE literature.
2015,Minnesota,77688209.0,27190873.0,35.0,4758.4,10876.35,1631.45,7341536.0,1495498.0,Modeled from EPA-style national trend + 2020 Census populations; metals/CO2 factors from USGS/DOE literature.
2015,Mississippi,43939458.0,15378810.0,35.0,2691.29,6151.52,922.73,4152279.0,845835.0,Modeled from EPA-style national trend + 2020 Census populations; metals/CO2 factors from USGS/DOE literature.
2015,Missouri,98232411.0,34381344.0,35.0,6016.74,13752.54,2062.88,9282963.0,1890974.0,Modeled from EPA-style national trend + 2020 Census populations; metals/CO2 factors from USGS/DOE literature.
2015,Montana,14975316.0,5241360.0,35.0,917.24,2096.54,314.48,1415167.0,288275.0,Modeled from EPA-style national trend + 2020 Census populations; metals/CO2 factors from USGS/DOE literature.
2015,Nebraska,28398655.0,9939529.0,35.0,1739.42,3975.81,596.37,2683673.0,546674.0,Modeled from EPA-style national trend + 2020 Census populations; metals/CO2 factors from USGS/DOE literature.
2015,Nevada,44007903.0,15402766.0,35.0,2695.48,6161.11,924.17,4158747.0,847152.0,Modeled from EPA-style national trend + 2020 Census populations; metals/CO2 factors from USGS/DOE literature.
2015,New Hampshire,19195867.0,6718553.0,35.0,1175.75,2687.42,403.11,1814009.0,369520.0,Modeled from EPA-style national trend + 2020 Census populations; metals/CO2 factors from USGS/DOE literature.
2015,New Jersey,148503147.0,51976101.0,35.0,9095.82,20790.44,3118.57,14033547.0,2858686.0,Modeled from EPA-style national trend + 2020 Census populations; metals/CO2 factors from USGS/DOE literature.
2015,New Mexico,33128632.0,11595021.0,35.0,2029.13,4638.01,695.7,3130656.0,637726.0,Modeled from EPA-style national trend + 2020 Census populations; metals/CO2 factors from USGS/DOE literature.
2015,New York,300291566.0,105102048.0,35.0,18392.86,42040.82,6306.12,28377553.0,5780613.0,Modeled from EPA-style national trend + 2020 Census populations; metals/CO2 factors from USGS/DOE literature.
2015,North Carolina,146600326.0,51310114.0,35.0,8979.27,20524.05,3078.61,13853731.0,2822056.0,Modeled from EPA-style national trend + 2020 Census populations; metals/CO2 factors from USGS/DOE literature.
2015,North Dakota,12181914.0,4263670.0,35.0,746.14,1705.47,255.82,1151191.0,234502.0,Modeled from EPA-style national trend + 2020 Census populations; metals/CO2 factors from USGS/DOE literature.
2015,Ohio,191894423.0,67163048.0,35.0,11753.53,26865.22,4029.78,18134023.0,3693968.0,Modeled from EPA-style national trend + 2020 Census populations; metals/CO2 factors from USGS/DOE literature.
2015,Oklahoma,58107465.0,20337613.0,35.0,3559.08,8135.05,1220.26,5491155.0,1118569.0,Modeled from EPA-style national trend + 2020 Census populations; metals/CO2 factors from USGS/DOE literature.
2015,Oregon,66825764.0,23389018.0,35.0,4093.08,9355.61,1403.34,6315035.0,1286396.0,Modeled from EPA-style national trend + 2020 Census populations; metals/CO2 factors from USGS/DOE literature.
2015,Pennsylvania,204285420.0,71499897.0,35.0,12512.48,28599.96,4289.99,19304972.0,3932494.0,Modeled from EPA-style national trend + 2020 Census populations; metals/CO2 factors from USGS/DOE literature.
2015,Rhode Island,17194832.0,6018191.0,35.0,1053.18,2407.28,361.09,1624912.0,331001.0,Modeled from EPA-style national trend + 2020 Census populations; metals/CO2 factors from USGS/DOE literature.
2015,South Carolina,77175612.0,27011464.0,35.0,4727.01,10804.59,1620.69,7293095.0,1485631.0,Modeled from EPA-style national trend + 2020 Census populations; metals/CO2 factors from USGS/DOE literature.
2015,South Dakota,14566165.0,5098158.0,35.0,892.18,2039.26,305.89,1376503.0,280399.0,Modeled from EPA-style national trend + 2020 Census populations; metals/CO2 factors from USGS/DOE literature.
2015,Tennessee,95286662.0,33350332.0,35.0,5836.31,13340.13,2001.02,9004590.0,1834268.0,Modeled from EPA-style national trend + 2020 Census populations; metals/CO2 factors from USGS/DOE literature.
2015,Texas,439018742.0,153656560.0,35.0,26889.9,61462.62,9219.39,41487271.0,8451111.0,Modeled from EPA-style national trend + 2020 Census populations; metals/CO2 factors from USGS/DOE literature.
2015,Utah,48043681.0,16815288.0,35.0,2942.68,6726.12,1008.92,4540128.0,924841.0,Modeled from EPA-style national trend + 2020 Census populations; metals/CO2 factors from USGS/DOE literature.
2015,Vermont,10037789.0,3513226.0,35.0,614.81,1405.29,210.79,948571.0,193227.0,Modeled from EPA-style national trend + 2020 Census populations; metals/CO2 factors from USGS/DOE literature.
2015,Virginia,134287212.0,47000524.0,35.0,8225.09,18800.21,2820.03,12690142.0,2585029.0,Modeled from EPA-style national trend + 2020 Census populations; metals/CO2 factors from USGS/DOE literature.
2015,Washington,114377191.0,40032017.0,35.0,7005.6,16012.81,2401.92,10808645.0,2201761.0,Modeled from EPA-style national trend + 2020 Census populations; metals/CO2 factors from USGS/DOE literature.
2015,West Virginia,24812473.0,8684366.0,35.0,1519.76,3473.75,521.06,2344779.0,477640.0,Modeled from EPA-style national trend + 2020 Census populations; metals/CO2 factors from USGS/DOE literature.
2015,Wisconsin,85700553.0,29995194.0,35.0,5249.16,11998.08,1799.71,8098702.0,1649736.0,Modeled from EPA-style national trend + 2020 Census populations; metals/CO2 factors from USGS/DOE literature.
2015,Wyoming,8642382.0,3024834.0,35.0,529.35,1209.93,181.49,816705.0,166366.0,Modeled from EPA-style national trend + 2020 Census populations; metals/CO2 factors from USGS/DOE literature.
2016,Alabama,76576711.0,28503554.0,37.2,4988.12,11401.42,1710.21,7695959.0,1567695.0,Modeled from EPA-style national trend + 2020 Census populations; metals/CO2 factors from USGS/DOE literature.
2016,Alaska,10577356.0,3937127.0,37.2,689.0,1574.85,236.23,1063024.0,216542.0,Modeled from EPA-style national trend + 2020 Census populations; metals/CO2 factors from USGS/DOE literature.
2016,Arizona,119108743.0,44334921.0,37.2,7758.61,17733.97,2660.1,11970429.0,2438421.0,Modeled from EPA-style national trend + 2020 Census populations; metals/CO2 factors from USGS/DOE literature.
2016,Arkansas,45003813.0,16751419.0,37.2,2931.5,6700.57,1005.09,4522883.0,921328.0,Modeled from EPA-style national trend + 2020 Census populations; metals/CO2 factors from USGS/DOE literature.
2016,California,565270067.0,210406080.0,37.2,36821.06,84162.43,12624.36,56809642.0,11572334.0,Modeled from EPA-style national trend + 2020 Census populations; metals/CO2 factors from USGS/DOE literature.
2016,Colorado,80155317.0,29835590.0,37.2,5221.23,11934.24,1790.14,8055609.0,1640957.0,Modeled from EPA-style national trend + 2020 Census populations; metals/CO2 factors from USGS/DOE literature.
2016,Connecticut,52814098.0,19658581.0,37.2,3440.25,7863.43,1179.51,5307817.0,1081222.0,Modeled from EPA-style national trend + 2020 Census populations; metals/CO2 factors from USGS/DOE literature.
2016,Delaware,14402027.0,5360755.0,37.2,938.13,2144.3,321.65,1447404.0,294842.0,Modeled from EPA-style national trend + 2020 Census populations; metals/CO2 factors from USGS/DOE literature.
2016,Florida,337055396.0,125459509.0,37.2,21955.41,50183.8,7527.57,33874067.0,6900273.0,Modeled from EPA-style national trend + 2020 Census populations; metals/CO2 factors from USGS/DOE literature.
2016,Georgia,156529541.0,58263774.0,37.2,10196.16,23305.51,3495.83,15731219.0,3204508.0,Modeled from EPA-style national trend + 2020 Census populations; metals/CO2 factors from USGS/DOE literature.
2016,Hawaii,21787541.0,8109807.0,37.2,1419.22,3243.92,486.59,2189648.0,446039.0,Modeled from EPA-style national trend + 2020 Census populations; metals/CO2 factors from USGS/DOE literature.
2016,Idaho,29429129.0,10954176.0,37.2,1916.98,4381.67,657.25,2957627.0,602480.0,Modeled from EPA-style national trend + 2020 Census populations; metals/CO2 factors from USGS/DOE literature.
2016,Illinois,190407536.0,70873916.0,37.2,12402.94,28349.57,4252.43,19135957.0,3898065.0,Modeled from EPA-style national trend + 2020 Census populations; metals/CO2 factors from USGS/DOE literature.
2016,Indiana,108705968.0,40462777.0,37.2,7080.99,16185.11,2427.77,10924950.0,2225453.0,Modeled from EPA-style national trend + 2020 Census populations; metals/CO2 factors from USGS/DOE literature.
2016,Iowa,50406129.0,18762281.0,37.2,3283.4,7504.91,1125.74,5065816.0,1031925.0,Modeled from EPA-style national trend + 2020 Census populations; metals/CO2 factors from USGS/DOE literature.
2016,Kansas,46921469.0,17465213.0,37.2,3056.41,6986.09,1047.91,4715608.0,960587.0,Modeled from EPA-style national trend + 2020 Census populations; metals/CO2 factors from USGS/DOE literature.
2016,Kentucky,70001467.0,26056101.0,37.2,4559.82,10422.44,1563.37,7035147.0,1433086.0,Modeled from EPA-style national trend + 2020 Census populations; metals/CO2 factors from USGS/DOE literature.
2016,Louisiana,75761212.0,28200007.0,37.2,4935.0,11280.0,1692.0,7614002.0,1551000.0,Modeled from EPA-style national trend + 2020 Census populations; metals/CO2 factors from USGS/DOE literature.
2016,Maine,21294761.0,7926383.0,37.2,1387.12,3170.55,475.58,2140123.0,435951.0,Modeled from EPA-style national trend + 2020 Census populations; metals/CO2 factors from USGS/DOE literature.
2016,Maryland,91402324.0,34021976.0,37.2,5953.85,13608.79,2041.32,9185934.0,1871209.0,Modeled from EPA-style national trend + 2020 Census populations; metals/CO2 factors from USGS/DOE literature.
2016,Massachusetts,113936208.0,42409589.0,37.2,7421.68,16963.84,2544.58,11450589.0,2332527.0,Modeled from EPA-style national trend + 2020 Census populations; metals/CO2 factors from USGS/DOE literature.
2016,Michigan,142713818.0,53121254.0,37.2,9296.22,21248.5,3187.28,14342739.0,2921669.0,Modeled from EPA-style national trend + 2020 Census populations; metals/CO2 factors from USGS/DOE literature.
2016,Minnesota,79414614.0,29559884.0,37.2,5172.98,11823.95,1773.59,7981169.0,1625794.0,Modeled from EPA-style national trend + 2020 Census populations; metals/CO2 factors from USGS/DOE literature.
2016,Mississippi,44915890.0,16718692.0,37.2,2925.77,6687.48,1003.12,4514047.0,919528.0,Modeled from EPA-style national trend + 2020 Census populations; metals/CO2 factors from USGS/DOE literature.
2016,Missouri,100415354.0,37376826.0,37.2,6540.94,14950.73,2242.61,10091743.0,2055725.0,Modeled from EPA-style national trend + 2020 Census populations; metals/CO2 factors from USGS/DOE literature.
2016,Montana,15308100.0,5698015.0,37.2,997.15,2279.21,341.88,1538464.0,313391.0,Modeled from EPA-style national trend + 2020 Census populations; metals/CO2 factors from USGS/DOE literature.
2016,Nebraska,29029736.0,10805513.0,37.2,1890.96,4322.21,648.33,2917488.0,594303.0,Modeled from EPA-style national trend + 2020 Census populations; metals/CO2 factors from USGS/DOE literature.
2016,Nevada,44985857.0,16744736.0,37.2,2930.33,6697.89,1004.68,4521079.0,920960.0,Modeled from EPA-style national trend + 2020 Census populations; metals/CO2 factors from USGS/DOE literature.
2016,New Hampshire,19622441.0,7303909.0,37.2,1278.18,2921.56,438.23,1972055.0,401715.0,Modeled from EPA-style national trend + 2020 Census populations; metals/CO2 factors from USGS/DOE literature.
2016,New Jersey,151803217.0,56504531.0,37.2,9888.29,22601.81,3390.27,15256223.0,3107749.0,Modeled from EPA-style national trend + 2020 Census populations; metals/CO2 factors from USGS/DOE literature.
2016,New Mexico,33864824.0,12605240.0,37.2,2205.92,5042.1,756.31,3403415.0,693288.0,Modeled from EPA-style national trend + 2020 Census populations; metals/CO2 factors from USGS/DOE literature.
2016,New York,306964712.0,114259087.0,37.2,19995.34,45703.63,6855.55,30849954.0,6284250.0,Modeled from EPA-style national trend + 2020 Census populations; metals/CO2 factors from USGS/DOE literature.
2016,North Carolina,149858111.0,55780519.0,37.2,9761.59,22312.21,3346.83,15060740.0,3067929.0,Modeled from EPA-style national trend + 2020 Census populations; metals/CO2 factors from USGS/DOE literature.
2016,North Dakota,12452623.0,4635143.0,37.2,811.15,1854.06,278.11,1251489.0,254933.0,Modeled from EPA-style national trend + 2020 Census populations; metals/CO2 factors from USGS/DOE literature.
2016,Ohio,196158743.0,73014643.0,37.2,12777.56,29205.86,4380.88,19713954.0,4015805.0,Modeled from EPA-style national trend + 2020 Census populations; metals/CO2 factors from USGS/DOE literature.
2016,Oklahoma,59398742.0,22109532.0,37.2,3869.17,8843.81,1326.57,5969574.0,1216024.0,Modeled from EPA-style national trend + 2020 Census populations; metals/CO2 factors from USGS/DOE literature.
2016,Oregon,68310781.0,25426791.0,37.2,4449.69,10170.72,1525.61,6865234.0,1398473.0,Modeled from EPA-style national trend + 2020 Census populations; metals/CO2 factors from USGS/DOE literature.
2016,Pennsylvania,208825096.0,77729341.0,37.2,13602.63,31091.74,4663.76,20986922.0,4275114.0,Modeled from EPA-style national trend + 2020 Census populations; metals/CO2 factors from USGS/DOE literature.
2016,Rhode Island,17576939.0,6542527.0,37.2,1144.94,2617.01,392.55,1766482.0,359839.0,Modeled from EPA-style national trend + 2020 Census populations; metals/CO2 factors from USGS/DOE literature.
2016,South Carolina,78890626.0,29364844.0,37.2,5138.85,11745.94,1761.89,7928508.0,1615066.0,Modeled from EPA-style national trend + 2020 Census populations; metals/CO2 factors from USGS/DOE literature.
2016,South Dakota,14889858.0,5542336.0,37.2,969.91,2216.93,332.54,1496431.0,304828.0,Modeled from EPA-style national trend + 2020 Census populations; metals/CO2 factors from USGS/DOE literature.
2016,Tennessee,97404143.0,36255987.0,37.2,6344.8,14502.39,2175.36,9789116.0,1994079.0,Modeled from EPA-style national trend + 2020 Census populations; metals/CO2 factors from USGS/DOE literature.
2016,Texas,448774714.0,167043921.0,37.2,29232.69,66817.57,10022.64,45101859.0,9187416.0,Modeled from EPA-style national trend + 2020 Census populations; metals/CO2 factors from USGS/DOE literature.
2016,Utah,49111318.0,18280324.0,37.2,3199.06,7312.13,1096.82,4935687.0,1005418.0,Modeled from EPA-style national trend + 2020 Census populations; metals/CO2 factors from USGS/DOE literature.
2016,Vermont,10260851.0,3819317.0,37.2,668.38,1527.73,229.16,1031216.0,210062.0,Modeled from EPA-style national trend + 2020 Census populations; metals/CO2 factors from USGS/DOE literature.
2016,Virginia,137271373.0,51095455.0,37.2,8941.7,20438.18,3065.73,13795773.0,2810250.0,Modeled from EPA-style national trend + 2020 Census populations; metals/CO2 factors from USGS/DOE literature.
2016,Washington,116918907.0,43519815.0,37.2,7615.97,17407.93,2611.19,11750350.0,2393590.0,Modeled from EPA-style national trend + 2020 Census populations; metals/CO2 factors from USGS/DOE literature.
2016,West Virginia,25363862.0,9440993.0,37.2,1652.17,3776.4,566.46,2549068.0,519255.0,Modeled from EPA-style national trend + 2020 Census populations; metals/CO2 factors from USGS/DOE literature.
2016,Wisconsin,87605010.0,32608532.0,37.2,5706.49,13043.41,1956.51,8804304.0,1793469.0,Modeled from EPA-style national trend + 2020 Census populations; metals/CO2 factors from USGS/DOE literature.
2016,Wyoming,8834435.0,3288373.0,37.2,575.47,1315.35,197.3,887861.0,180861.0,Modeled from EPA-style national trend + 2020 Census populations; metals/CO2 factors from USGS/DOE literature.
2017,Alabama,78241422.0,30861894.0,39.4,5400.83,12344.76,1851.71,8332711.0,1697404.0,Modeled from EPA-style national trend + 2020 Census populations; metals/CO2 factors from USGS/DOE literature.
2017,Alaska,10807299.0,4262879.0,39.4,746.0,1705.15,255.77,1150977.0,234458.0,Modeled from EPA-style national trend + 2020 Census populations; metals/CO2 factors from USGS/DOE literature.
2017,Arizona,121698063.0,48003125.0,39.4,8400.55,19201.25,2880.19,12960844.0,2640172.0,Modeled from EPA-style national trend + 2020 Census populations; metals/CO2 factors from USGS/DOE literature.
2017,Arkansas,45982157.0,18137406.0,39.4,3174.05,7254.96,1088.24,4897100.0,997557.0,Modeled from EPA-style national trend + 2020 Census populations; metals/CO2 factors from USGS/DOE literature.
2017,California,577558546.0,227814760.0,39.4,39867.58,91125.9,13668.89,61509985.0,12529812.0,Modeled from EPA-style national trend + 2020 Census populations; metals/CO2 factors from USGS/DOE literature.
2017,Colorado,81897824.0,32304142.0,39.4,5653.22,12921.66,1938.25,8722118.0,1776728.0,Modeled from EPA-style national trend + 2020 Census populations; metals/CO2 factors from USGS/DOE literature.
2017,Connecticut,53962231.0,21285102.0,39.4,3724.89,8514.04,1277.11,5746978.0,1170681.0,Modeled from EPA-style national trend + 2020 Census populations; metals/CO2 factors from USGS/DOE literature.
2017,Delaware,14715115.0,5804295.0,39.4,1015.75,2321.72,348.26,1567160.0,319236.0,Modeled from EPA-style national trend + 2020 Census populations; metals/CO2 factors from USGS/DOE literature.
2017,Florida,344382687.0,135839838.0,39.4,23771.97,54335.94,8150.39,36676756.0,7471191.0,Modeled from EPA-style national trend + 2020 Census populations; metals/CO2 factors from USGS/DOE literature.
2017,Georgia,159932357.0,63084430.0,39.4,11039.78,25233.77,3785.07,17032796.0,3469644.0,Modeled from EPA-style national trend + 2020 Census populations; metals/CO2 factors from USGS/DOE literature.
2017,Hawaii,22261183.0,8780800.0,39.4,1536.64,3512.32,526.85,2370816.0,482944.0,Modeled from EPA-style national trend + 2020 Census populations; metals/CO2 factors from USGS/DOE literature.
2017,Idaho,30068893.0,11860508.0,39.4,2075.59,4744.2,711.63,3202337.0,652328.0,Modeled from EPA-style national trend + 2020 Census populations; metals/CO2 factors from USGS/DOE literature.
2017,Illinois,194546830.0,76737916.0,39.4,13429.14,30695.17,4604.27,20719237.0,4220585.0,Modeled from EPA-style national trend + 2020 Census populations; metals/CO2 factors from USGS/DOE literature.
2017,Indiana,111069141.0,43810606.0,39.4,7666.86,17524.24,2628.64,11828864.0,2409583.0,Modeled from EPA-style national trend + 2020 Census populations; metals/CO2 factors from USGS/DOE literature.
2017,Iowa,51501914.0,20314644.0,39.4,3555.06,8125.86,1218.88,5484954.0,1117305.0,Modeled from EPA-style national trend + 2020 Census populations; metals/CO2 factors from USGS/DOE literature.
2017,Kansas,47941501.0,18910259.0,39.4,3309.3,7564.1,1134.62,5105770.0,1040064.0,Modeled from EPA-style national trend + 2020 Census populations; metals/CO2 factors from USGS/DOE literature.
2017,Kentucky,71523238.0,28211944.0,39.4,4937.09,11284.78,1692.72,7617225.0,1551657.0,Modeled from EPA-style national trend + 2020 Census populations; metals/CO2 factors from USGS/DOE literature.
2017,Louisiana,77408195.0,30533233.0,39.4,5343.32,12213.29,1831.99,8243973.0,1679328.0,Modeled from EPA-style national trend + 2020 Census populations; metals/CO2 factors from USGS/DOE literature.
2017,Maine,21757691.0,8582200.0,39.4,1501.89,3432.88,514.93,2317194.0,472021.0,Modeled from EPA-style national trend + 2020 Census populations; metals/CO2 factors from USGS/DOE literature.
2017,Maryland,93389332.0,36836903.0,39.4,6446.46,14734.76,2210.21,9945964.0,2026030.0,Modeled from EPA-style national trend + 2020 Census populations; metals/CO2 factors from USGS/DOE literature.
2017,Massachusetts,116413082.0,45918494.0,39.4,8035.74,18367.4,2755.11,12397993.0,2525517.0,Modeled from EPA-style national trend + 2020 Census populations; metals/CO2 factors from USGS/DOE literature.
2017,Michigan,145816292.0,57516426.0,39.4,10065.37,23006.57,3450.99,15529435.0,3163403.0,Modeled from EPA-style national trend + 2020 Census populations; metals/CO2 factors from USGS/DOE literature.
2017,Minnesota,81141019.0,32005624.0,39.4,5600.98,12802.25,1920.34,8641518.0,1760309.0,Modeled from EPA-style national trend + 2020 Census populations; metals/CO2 factors from USGS/DOE literature.
2017,Mississippi,45892323.0,18101972.0,39.4,3167.85,7240.79,1086.12,4887532.0,995608.0,Modeled from EPA-style national trend + 2020 Census populations; metals/CO2 factors from USGS/DOE literature.
2017,Missouri,102598296.0,40469328.0,39.4,7082.13,16187.73,2428.16,10926719.0,2225813.0,Modeled from EPA-style national trend + 2020 Census populations; metals/CO2 factors from USGS/DOE literature.
2017,Montana,15640885.0,6169460.0,39.4,1079.66,2467.78,370.17,1665754.0,339320.0,Modeled from EPA-style national trend + 2020 Census populations; metals/CO2 factors from USGS/DOE literature.
2017,Nebraska,29660817.0,11699545.0,39.4,2047.42,4679.82,701.97,3158877.0,643475.0,Modeled from EPA-style national trend + 2020 Census populations; metals/CO2 factors from USGS/DOE literature.
2017,Nevada,45963810.0,18130170.0,39.4,3172.78,7252.07,1087.81,4895146.0,997159.0,Modeled from EPA-style national trend + 2020 Census populations; metals/CO2 factors from USGS/DOE literature.
2017,New Hampshire,20049016.0,7908223.0,39.4,1383.94,3163.29,474.49,2135220.0,434952.0,Modeled from EPA-style national trend + 2020 Census populations; metals/CO2 factors from USGS/DOE literature.
2017,New Jersey,155103287.0,61179630.0,39.4,10706.44,24471.85,3670.78,16518500.0,3364880.0,Modeled from EPA-style national trend + 2020 Census populations; metals/CO2 factors from USGS/DOE literature.
2017,New Mexico,34601015.0,13648178.0,39.4,2388.43,5459.27,818.89,3685008.0,750650.0,Modeled from EPA-style national trend + 2020 Census populations; metals/CO2 factors from USGS/DOE literature.
2017,New York,313637858.0,123712711.0,39.4,21649.72,49485.08,7422.76,33402432.0,6804199.0,Modeled from EPA-style national trend + 2020 Census populations; metals/CO2 factors from USGS/DOE literature.
2017,North Carolina,153115896.0,60395714.0,39.4,10569.25,24158.29,3623.74,16306843.0,3321764.0,Modeled from EPA-style national trend + 2020 Census populations; metals/CO2 factors from USGS/DOE literature.
2017,North Dakota,12723332.0,5018648.0,39.4,878.26,2007.46,301.12,1355035.0,276026.0,Modeled from EPA-style national trend + 2020 Census populations; metals/CO2 factors from USGS/DOE literature.
2017,Ohio,200423064.0,79055764.0,39.4,13834.76,31622.31,4743.35,21345056.0,4348067.0,Modeled from EPA-style national trend + 2020 Census populations; metals/CO2 factors from USGS/DOE literature.
2017,Oklahoma,60690019.0,23938841.0,39.4,4189.3,9575.54,1436.33,6463487.0,1316636.0,Modeled from EPA-style national trend + 2020 Census populations; metals/CO2 factors from USGS/DOE literature.
2017,Oregon,69795798.0,27530565.0,39.4,4817.85,11012.23,1651.83,7433253.0,1514181.0,Modeled from EPA-style national trend + 2020 Census populations; metals/CO2 factors from USGS/DOE literature.
2017,Pennsylvania,213364772.0,84160549.0,39.4,14728.1,33664.22,5049.63,22723348.0,4628830.0,Modeled from EPA-style national trend + 2020 Census populations; metals/CO2 factors from USGS/DOE literature.
2017,Rhode Island,17959046.0,7083846.0,39.4,1239.67,2833.54,425.03,1912638.0,389612.0,Modeled from EPA-style national trend + 2020 Census populations; metals/CO2 factors from USGS/DOE literature.
2017,South Carolina,80605639.0,31794447.0,39.4,5564.03,12717.78,1907.67,8584501.0,1748695.0,Modeled from EPA-style national trend + 2020 Census populations; metals/CO2 factors from USGS/DOE literature.
2017,South Dakota,15213551.0,6000901.0,39.4,1050.16,2400.36,360.05,1620243.0,330050.0,Modeled from EPA-style national trend + 2020 Census populations; metals/CO2 factors from USGS/DOE literature.
2017,Tennessee,99521625.0,39255752.0,39.4,6869.76,15702.3,2355.35,10599053.0,2159066.0,Modeled from EPA-style national trend + 2020 Census populations; metals/CO2 factors from USGS/DOE literature.
2017,Texas,458530686.0,180864882.0,39.4,31651.35,72345.95,10851.89,48833518.0,9947568.0,Modeled from EPA-style national trend + 2020 Census populations; metals/CO2 factors from USGS/DOE literature.
2017,Utah,50178956.0,19792810.0,39.4,3463.74,7917.12,1187.57,5344059.0,1088605.0,Modeled from EPA-style national trend + 2020 Census populations; metals/CO2 factors from USGS/DOE literature.
2017,Vermont,10483913.0,4135321.0,39.4,723.68,1654.13,248.12,1116537.0,227443.0,Modeled from EPA-style national trend + 2020 Census populations; metals/CO2 factors from USGS/DOE literature.
2017,Virginia,140255533.0,55323016.0,39.4,9681.53,22129.21,3319.38,14937214.0,3042766.0,Modeled from EPA-style national trend + 2020 Census populations; metals/CO2 factors from USGS/DOE literature.
2017,Washington,119460622.0,47120579.0,39.4,8246.1,18848.23,2827.23,12722556.0,2591632.0,Modeled from EPA-style national trend + 2020 Census populations; metals/CO2 factors from USGS/DOE literature.
2017,West Virginia,25915250.0,10222126.0,39.4,1788.87,4088.85,613.33,2759974.0,562217.0,Modeled from EPA-style national trend + 2020 Census populations; metals/CO2 factors from USGS/DOE literature.
2017,Wisconsin,89509467.0,35306512.0,39.4,6178.64,14122.6,2118.39,9532758.0,1941858.0,Modeled from EPA-style national trend + 2020 Census populations; metals/CO2 factors from USGS/DOE literature.
2017,Wyoming,9026488.0,3560448.0,39.4,623.08,1424.18,213.63,961321.0,195825.0,Modeled from EPA-style national trend + 2020 Census populations; metals/CO2 factors from USGS/DOE literature.
2018,Alabama,79906133.0,33294222.0,41.7,5826.49,13317.69,1997.65,8989440.0,1831182.0,Modeled from EPA-style national trend + 2020 Census populations; metals/CO2 factors from USGS/DOE literature.
2018,Alaska,11037241.0,4598850.0,41.7,804.8,1839.54,275.93,1241690.0,252937.0,Modeled from EPA-style national trend + 2020 Census populations; metals/CO2 factors from USGS/DOE literature.
2018,Arizona,124287384.0,51786410.0,41.7,9062.62,20714.56,3107.18,13982331.0,2848253.0,Modeled from EPA-style national trend + 2020 Census populations; metals/CO2 factors from USGS/DOE literature.
2018,Arkansas,46960501.0,19566875.0,41.7,3424.2,7826.75,1174.01,5283056.0,1076178.0,Modeled from EPA-style national trend + 2020 Census populations; metals/CO2 factors from USGS/DOE literature.
2018,California,589847026.0,245769594.0,41.7,43009.68,98307.84,14746.18,66357790.0,13517328.0,Modeled from EPA-style national trend + 2020 Census populations; metals/CO2 factors from USGS/DOE literature.
2018,Colorado,83640330.0,34850138.0,41.7,6098.77,13940.06,2091.01,9409537.0,1916758.0,Modeled from EPA-style national trend + 2020 Census populations; metals/CO2 factors from USGS/DOE literature.
2018,Connecticut,55110363.0,22962651.0,41.7,4018.46,9185.06,1377.76,6199916.0,1262946.0,Modeled from EPA-style national trend + 2020 Census populations; metals/CO2 factors from USGS/DOE literature.
2018,Delaware,15028203.0,6261751.0,41.7,1095.81,2504.7,375.71,1690673.0,344396.0,Modeled from EPA-style national trend + 2020 Census populations; metals/CO2 factors from USGS/DOE literature.
2018,Florida,351709978.0,146545824.0,41.7,25645.52,58618.33,8792.75,39567373.0,8060020.0,Modeled from EPA-style national trend + 2020 Census populations; metals/CO2 factors from USGS/DOE literature.
2018,Georgia,163335173.0,68056322.0,41.7,11909.86,27222.53,4083.38,18375207.0,3743098.0,Modeled from EPA-style national trend + 2020 Census populations; metals/CO2 factors from USGS/DOE literature.
2018,Hawaii,22734826.0,9472844.0,41.7,1657.75,3789.14,568.37,2557668.0,521006.0,Modeled from EPA-style national trend + 2020 Census populations; metals/CO2 factors from USGS/DOE literature.
2018,Idaho,30708656.0,12795273.0,41.7,2239.17,5118.11,767.72,3454724.0,703740.0,Modeled from EPA-style national trend + 2020 Census populations; metals/CO2 factors from USGS/DOE literature.
2018,Illinois,198686124.0,82785885.0,41.7,14487.53,33114.35,4967.15,22352189.0,4553224.0,Modeled from EPA-style national trend + 2020 Census populations; metals/CO2 factors from USGS/DOE literature.
2018,Indiana,113432314.0,47263464.0,41.7,8271.11,18905.39,2835.81,12761135.0,2599491.0,Modeled from EPA-style national trend + 2020 Census populations; metals/CO2 factors from USGS/DOE literature.
2018,Iowa,52597699.0,21915708.0,41.7,3835.25,8766.28,1314.94,5917241.0,1205364.0,Modeled from EPA-style national trend + 2020 Census populations; metals/CO2 factors from USGS/DOE literature.
2018,Kansas,48961533.0,20400639.0,41.7,3570.11,8160.26,1224.04,5508172.0,1122035.0,Modeled from EPA-style national trend + 2020 Census populations; metals/CO2 factors from USGS/DOE literature.
2018,Kentucky,73045009.0,30435420.0,41.7,5326.2,12174.17,1826.13,8217563.0,1673948.0,Modeled from EPA-style national trend + 2020 Census populations; metals/CO2 factors from USGS/DOE literature.
2018,Louisiana,79055178.0,32939658.0,41.7,5764.44,13175.86,1976.38,8893708.0,1811681.0,Modeled from EPA-style national trend + 2020 Census populations; metals/CO2 factors from USGS/DOE literature.
2018,Maine,22220620.0,9258592.0,41.7,1620.25,3703.44,555.52,2499820.0,509223.0,Modeled from EPA-style national trend + 2020 Census populations; metals/CO2 factors from USGS/DOE literature.
2018,Maryland,95376339.0,39740141.0,41.7,6954.52,15896.06,2384.41,10729838.0,2185708.0,Modeled from EPA-style national trend + 2020 Census populations; metals/CO2 factors from USGS/DOE literature.
2018,Massachusetts,118889956.0,49537482.0,41.7,8669.06,19814.99,2972.25,13375120.0,2724561.0,Modeled from EPA-style national trend + 2020 Census populations; metals/CO2 factors from USGS/DOE literature.
2018,Michigan,148918767.0,62049486.0,41.7,10858.66,24819.79,3722.97,16753361.0,3412722.0,Modeled from EPA-style national trend + 2020 Census populations; metals/CO2 factors from USGS/DOE literature.
2018,Minnesota,82867423.0,34528093.0,41.7,6042.42,13811.24,2071.69,9322585.0,1899045.0,Modeled from EPA-style national trend + 2020 Census populations; metals/CO2 factors from USGS/DOE literature.
2018,Mississippi,46868755.0,19528648.0,41.7,3417.51,7811.46,1171.72,5272735.0,1074076.0,Modeled from EPA-style national trend + 2020 Census populations; metals/CO2 factors from USGS/DOE literature.
2018,Missouri,104781239.0,43658850.0,41.7,7640.3,17463.54,2619.53,11787889.0,2401237.0,Modeled from EPA-style national trend + 2020 Census populations; metals/CO2 factors from USGS/DOE literature.
2018,Montana,15973670.0,6655696.0,41.7,1164.75,2662.28,399.34,1797038.0,366063.0,Modeled from EPA-style national trend + 2020 Census populations; metals/CO2 factors from USGS/DOE literature.
2018,Nebraska,30291899.0,12621624.0,41.7,2208.78,5048.65,757.3,3407839.0,694189.0,Modeled from EPA-style national trend + 2020 Census populations; metals/CO2 factors from USGS/DOE literature.
2018,Nevada,46941764.0,19559068.0,41.7,3422.84,7823.63,1173.54,5280948.0,1075749.0,Modeled from EPA-style national trend + 2020 Census populations; metals/CO2 factors from USGS/DOE literature.
2018,New Hampshire,20475591.0,8531496.0,41.7,1493.01,3412.6,511.89,2303504.0,469232.0,Modeled from EPA-style national trend + 2020 Census populations; metals/CO2 factors from USGS/DOE literature.
2018,New Jersey,158403357.0,66001399.0,41.7,11550.24,26400.56,3960.08,17820378.0,3630077.0,Modeled from EPA-style national trend + 2020 Census populations; metals/CO2 factors from USGS/DOE literature.
2018,New Mexico,35337207.0,14723836.0,41.7,2576.67,5889.53,883.43,3975436.0,809811.0,Modeled from EPA-style national trend + 2020 Census populations; metals/CO2 factors from USGS/DOE literature.
2018,New York,320311004.0,133462918.0,41.7,23356.01,53385.17,8007.78,36034988.0,7340461.0,Modeled from EPA-style national trend + 2020 Census populations; metals/CO2 factors from USGS/DOE literature.
2018,North Carolina,156373681.0,65155700.0,41.7,11402.25,26062.28,3909.34,17592039.0,3583564.0,Modeled from EPA-style national trend + 2020 Census populations; metals/CO2 factors from USGS/DOE literature.
2018,North Dakota,12994041.0,5414184.0,41.7,947.48,2165.67,324.85,1461830.0,297780.0,Modeled from EPA-style national trend + 2020 Census populations; metals/CO2 factors from USGS/DOE literature.
2018,Ohio,204687384.0,85286410.0,41.7,14925.12,34114.56,5117.18,23027331.0,4690753.0,Modeled from EPA-style national trend + 2020 Census populations; metals/CO2 factors from USGS/DOE literature.
2018,Oklahoma,61981296.0,25825540.0,41.7,4519.47,10330.22,1549.53,6972896.0,1420405.0,Modeled from EPA-style national trend + 2020 Census populations; metals/CO2 factors from USGS/DOE literature.
2018,Oregon,71280815.0,29700340.0,41.7,5197.56,11880.14,1782.02,8019092.0,1633519.0,Modeled from EPA-style national trend + 2020 Census populations; metals/CO2 factors from USGS/DOE literature.
2018,Pennsylvania,217904448.0,90793520.0,41.7,15888.87,36317.41,5447.61,24514250.0,4993644.0,Modeled from EPA-style national trend + 2020 Census populations; metals/CO2 factors from USGS/DOE literature.
2018,Rhode Island,18341154.0,7642147.0,41.7,1337.38,3056.86,458.53,2063380.0,420318.0,Modeled from EPA-style national trend + 2020 Census populations; metals/CO2 factors from USGS/DOE literature.
2018,South Carolina,82320653.0,34300272.0,41.7,6002.55,13720.11,2058.02,9261073.0,1886515.0,Modeled from EPA-style national trend + 2020 Census populations; metals/CO2 factors from USGS/DOE literature.
2018,South Dakota,15537243.0,6473851.0,41.7,1132.92,2589.54,388.43,1747940.0,356062.0,Modeled from EPA-style national trend + 2020 Census populations; metals/CO2 factors from USGS/DOE literature.
2018,Tennessee,101639106.0,42349628.0,41.7,7411.18,16939.85,2540.98,11434399.0,2329230.0,Modeled from EPA-style national trend + 2020 Census populations; metals/CO2 factors from USGS/DOE literature.
2018,Texas,468286658.0,195119441.0,41.7,34145.9,78047.78,11707.17,52682249.0,10731569.0,Modeled from EPA-style national trend + 2020 Census populations; metals/CO2 factors from USGS/DOE literature.
2018,Utah,51246593.0,21352747.0,41.7,3736.73,8541.1,1281.16,5765242.0,1174401.0,Modeled from EPA-style national trend + 2020 Census populations; metals/CO2 factors from USGS/DOE literature.
2018,Vermont,10706975.0,4461240.0,41.7,780.72,1784.5,267.67,1204535.0,245368.0,Modeled from EPA-style national trend + 2020 Census populations; metals/CO2 factors from USGS/DOE literature.
2018,Virginia,143239693.0,59683205.0,41.7,10444.56,23873.28,3580.99,16114465.0,3282576.0,Modeled from EPA-style national trend + 2020 Census populations; metals/CO2 factors from USGS/DOE literature.
2018,Washington,122002337.0,50834307.0,41.7,8896.0,20333.72,3050.06,13725263.0,2795887.0,Modeled from EPA-style national trend + 2020 Census populations; metals/CO2 factors from USGS/DOE literature.
2018,West Virginia,26466638.0,11027766.0,41.7,1929.86,4411.11,661.67,2977497.0,606527.0,Modeled from EPA-style national trend + 2020 Census populations; metals/CO2 factors from USGS/DOE literature.
2018,Wisconsin,91413924.0,38089135.0,41.7,6665.6,15235.65,2285.35,10284066.0,2094902.0,Modeled from EPA-style national trend + 2020 Census populations; metals/CO2 factors from USGS/DOE literature.
2018,Wyoming,9218540.0,3841059.0,41.7,672.19,1536.42,230.46,1037086.0,211258.0,Modeled from EPA-style national trend + 2020 Census populations; metals/CO2 factors from USGS/DOE literature.
2019,Alabama,81570844.0,35800537.0,43.9,6265.09,14320.21,2148.03,9666145.0,1969030.0,Modeled from EPA-style national trend + 2020 Census populations; metals/CO2 factors from USGS/DOE literature.
2019,Alaska,11267184.0,4945042.0,43.9,865.38,1978.02,296.7,1335161.0,271977.0,Modeled from EPA-style national trend + 2020 Census populations; metals/CO2 factors from USGS/DOE literature.
2019,Arizona,126876704.0,55684776.0,43.9,9744.84,22273.91,3341.09,15034889.0,3062663.0,Modeled from EPA-style national trend + 2020 Census populations; metals/CO2 factors from USGS/DOE literature.
2019,Arkansas,47938844.0,21039826.0,43.9,3681.97,8415.93,1262.39,5680753.0,1157190.0,Modeled from EPA-style national trend + 2020 Census populations; metals/CO2 factors from USGS/DOE literature.
2019,California,602135506.0,264270583.0,43.9,46247.35,105708.23,15856.23,71353057.0,14534882.0,Modeled from EPA-style national trend + 2020 Census populations; metals/CO2 factors from USGS/DOE literature.
2019,Colorado,85382837.0,37473579.0,43.9,6557.88,14989.43,2248.41,10117866.0,2061047.0,Modeled from EPA-style national trend + 2020 Census populations; metals/CO2 factors from USGS/DOE literature.
2019,Connecticut,56258496.0,24691229.0,43.9,4320.97,9876.49,1481.47,6666632.0,1358018.0,Modeled from EPA-style national trend + 2020 Census populations; metals/CO2 factors from USGS/DOE literature.
2019,Delaware,15341290.0,6733122.0,43.9,1178.3,2693.25,403.99,1817943.0,370322.0,Modeled from EPA-style national trend + 2020 Census populations; metals/CO2 factors from USGS/DOE literature.
2019,Florida,359037270.0,157577468.0,43.9,27576.06,63030.99,9454.65,42545916.0,8666761.0,Modeled from EPA-style national trend + 2020 Census populations; metals/CO2 factors from USGS/DOE literature.
2019,Georgia,166737989.0,73179451.0,43.9,12806.4,29271.78,4390.77,19758452.0,4024870.0,Modeled from EPA-style national trend + 2020 Census populations; metals/CO2 factors from USGS/DOE literature.
2019,Hawaii,23208468.0,10185939.0,43.9,1782.54,4074.38,611.16,2750203.0,560227.0,Modeled from EPA-style national trend + 2020 Census populations; metals/CO2 factors from USGS/DOE literature.
2019,Idaho,31348420.0,13758473.0,43.9,2407.73,5503.39,825.51,3714788.0,756716.0,Modeled from EPA-style national trend + 2020 Census populations; metals/CO2 factors from USGS/DOE literature.
2019,Illinois,202825418.0,89017822.0,43.9,15578.12,35607.13,5341.07,24034812.0,4895980.0,Modeled from EPA-style national trend + 2020 Census populations; metals/CO2 factors from USGS/DOE literature.
2019,Indiana,115795488.0,50821353.0,43.9,8893.74,20328.54,3049.28,13721765.0,2795174.0,Modeled from EPA-style national trend + 2020 Census populations; metals/CO2 factors from USGS/DOE literature.
2019,Iowa,53693485.0,23565474.0,43.9,4123.96,9426.19,1413.93,6362678.0,1296101.0,Modeled from EPA-style national trend + 2020 Census populations; metals/CO2 factors from USGS/DOE literature.
2019,Kansas,49981565.0,21936353.0,43.9,3838.86,8774.54,1316.18,5922815.0,1206499.0,Modeled from EPA-style national trend + 2020 Census populations; metals/CO2 factors from USGS/DOE literature.
2019,Kentucky,74566780.0,32726531.0,43.9,5727.14,13090.61,1963.59,8836163.0,1799959.0,Modeled from EPA-style national trend + 2020 Census populations; metals/CO2 factors from USGS/DOE literature.
2019,Louisiana,80702161.0,35419282.0,43.9,6198.37,14167.71,2125.16,9563206.0,1948060.0,Modeled from EPA-style national trend + 2020 Census populations; metals/CO2 factors from USGS/DOE literature.
2019,Maine,22683550.0,9955558.0,43.9,1742.22,3982.22,597.33,2688001.0,547556.0,Modeled from EPA-style national trend + 2020 Census populations; metals/CO2 factors from USGS/DOE literature.
2019,Maryland,97363346.0,42731691.0,43.9,7478.05,17092.68,2563.9,11537556.0,2350243.0,Modeled from EPA-style national trend + 2020 Census populations; metals/CO2 factors from USGS/DOE literature.
2019,Massachusetts,121366830.0,53266553.0,43.9,9321.65,21306.62,3195.99,14381969.0,2929660.0,Modeled from EPA-style national trend + 2020 Census populations; metals/CO2 factors from USGS/DOE literature.
2019,Michigan,152021241.0,66720434.0,43.9,11676.08,26688.17,4003.23,18014517.0,3669624.0,Modeled from EPA-style national trend + 2020 Census populations; metals/CO2 factors from USGS/DOE literature.
2019,Minnesota,84593828.0,37127291.0,43.9,6497.28,14850.92,2227.64,10024369.0,2042001.0,Modeled from EPA-style national trend + 2020 Census populations; metals/CO2 factors from USGS/DOE literature.
2019,Mississippi,47845187.0,20998721.0,43.9,3674.78,8399.49,1259.92,5669655.0,1154930.0,Modeled from EPA-style national trend + 2020 Census populations; metals/CO2 factors from USGS/DOE literature.
2019,Missouri,106964181.0,46945391.0,43.9,8215.44,18778.16,2816.72,12675255.0,2581996.0,Modeled from EPA-style national trend + 2020 Census populations; metals/CO2 factors from USGS/DOE literature.
2019,Montana,16306455.0,7156722.0,43.9,1252.43,2862.69,429.4,1932315.0,393620.0,Modeled from EPA-style national trend + 2020 Census populations; metals/CO2 factors from USGS/DOE literature.
2019,Nebraska,30922980.0,13571752.0,43.9,2375.06,5428.7,814.31,3664373.0,746446.0,Modeled from EPA-style national trend + 2020 Census populations; metals/CO2 factors from USGS/DOE literature.
2019,Nevada,47919717.0,21031431.0,43.9,3680.5,8412.57,1261.89,5678486.0,1156729.0,Modeled from EPA-style national trend + 2020 Census populations; metals/CO2 factors from USGS/DOE literature.
2019,New Hampshire,20902166.0,9173728.0,43.9,1605.4,3669.49,550.42,2476907.0,504555.0,Modeled from EPA-style national trend + 2020 Census populations; metals/CO2 factors from USGS/DOE literature.
2019,New Jersey,161703427.0,70969837.0,43.9,12419.72,28387.93,4258.19,19161856.0,3903341.0,Modeled from EPA-style national trend + 2020 Census populations; metals/CO2 factors from USGS/DOE literature.
2019,New Mexico,36073399.0,15832214.0,43.9,2770.64,6332.89,949.93,4274698.0,870772.0,Modeled from EPA-style national trend + 2020 Census populations; metals/CO2 factors from USGS/DOE literature.
2019,New York,326984150.0,143509710.0,43.9,25114.2,57403.88,8610.58,38747622.0,7893034.0,Modeled from EPA-style national trend + 2020 Census populations; metals/CO2 factors from USGS/DOE literature.
2019,North Carolina,159631466.0,70060477.0,43.9,12260.58,28024.19,4203.63,18916329.0,3853326.0,Modeled from EPA-style national trend + 2020 Census populations; metals/CO2 factors from USGS/DOE literature.
2019,North Dakota,13264751.0,5821752.0,43.9,1018.81,2328.7,349.31,1571873.0,320196.0,Modeled from EPA-style national trend + 2020 Census populations; metals/CO2 factors from USGS/DOE literature.
2019,Ohio,208951705.0,91706582.0,43.9,16048.65,36682.63,5502.39,24760777.0,5043862.0,Modeled from EPA-style national trend + 2020 Census populations; metals/CO2 factors from USGS/DOE literature.
2019,Oklahoma,63272573.0,27769629.0,43.9,4859.69,11107.85,1666.18,7497800.0,1527330.0,Modeled from EPA-style national trend + 2020 Census populations; metals/CO2 factors from USGS/DOE literature.
2019,Oregon,72765832.0,31936115.0,43.9,5588.82,12774.45,1916.17,8622751.0,1756486.0,Modeled from EPA-style national trend + 2020 Census populations; metals/CO2 factors from USGS/DOE literature.
2019,Pennsylvania,222444124.0,97628254.0,43.9,17084.94,39051.3,5857.7,26359629.0,5369554.0,Modeled from EPA-style national trend + 2020 Census populations; metals/CO2 factors from USGS/DOE literature.
2019,Rhode Island,18723261.0,8217431.0,43.9,1438.05,3286.97,493.05,2218706.0,451959.0,Modeled from EPA-style national trend + 2020 Census populations; metals/CO2 factors from USGS/DOE literature.
2019,South Carolina,84035667.0,36882320.0,43.9,6454.41,14752.93,2212.94,9958226.0,2028528.0,Modeled from EPA-style national trend + 2020 Census populations; metals/CO2 factors from USGS/DOE literature.
2019,South Dakota,15860936.0,6961188.0,43.9,1218.21,2784.48,417.67,1879521.0,382865.0,Modeled from EPA-style national trend + 2020 Census populations; metals/CO2 factors from USGS/DOE literature.
2019,Tennessee,103756587.0,45537613.0,43.9,7969.08,18215.05,2732.26,12295156.0,2504569.0,Modeled from EPA-style national trend + 2020 Census populations; metals/CO2 factors from USGS/DOE literature.
2019,Texas,478042630.0,209807599.0,43.9,36716.33,83923.04,12588.46,56648052.0,11539418.0,Modeled from EPA-style national trend + 2020 Census populations; metals/CO2 factors from USGS/DOE literature.
2019,Utah,52314230.0,22960134.0,43.9,4018.02,9184.05,1377.61,6199236.0,1262807.0,Modeled from EPA-style national trend + 2020 Census populations; metals/CO2 factors from USGS/DOE literature.
2019,Vermont,10930037.0,4797072.0,43.9,839.49,1918.83,287.82,1295209.0,263839.0,Modeled from EPA-style national trend + 2020 Census populations; metals/CO2 factors from USGS/DOE literature.
2019,Virginia,146223853.0,64176025.0,43.9,11230.8,25670.41,3850.56,17327527.0,3529681.0,Modeled from EPA-style national trend + 2020 Census populations; metals/CO2 factors from USGS/DOE literature.
2019,Washington,124544053.0,54661001.0,43.9,9565.68,21864.4,3279.66,14758470.0,3006355.0,Modeled from EPA-style national trend + 2020 Census populations; metals/CO2 factors from USGS/DOE literature.
2019,West Virginia,27018027.0,11857912.0,43.9,2075.13,4743.16,711.47,3201636.0,652185.0,Modeled from EPA-style national trend + 2020 Census populations; metals/CO2 factors from USGS/DOE literature.
2019,Wisconsin,93318380.0,40956400.0,43.9,7167.37,16382.56,2457.38,11058228.0,2252602.0,Modeled from EPA-style national trend + 2020 Census populations; metals/CO2 factors from USGS/DOE literature.
2019,Wyoming,9410593.0,4130205.0,43.9,722.79,1652.08,247.81,1115155.0,227161.0,Modeled from EPA-style national trend + 2020 Census populations; metals/CO2 factors from USGS/DOE literature.
2020,Alabama,83235555.0,38380839.0,46.1,6716.65,15352.34,2302.85,10362827.0,2110946.0,Modeled from EPA-style national trend + 2020 Census populations; metals/CO2 factors from USGS/DOE literature.
2020,Alaska,11497126.0,5301453.0,46.1,927.75,2120.58,318.09,1431392.0,291580.0,Modeled from EPA-style national trend + 2020 Census populations; metals/CO2 factors from USGS/DOE literature.
2020,Arizona,129466025.0,59698222.0,46.1,10447.19,23879.29,3581.89,16118520.0,3283402.0,Modeled from EPA-style national trend + 2020 Census populations; metals/CO2 factors from USGS/DOE literature.
2020,Arkansas,48917188.0,22556259.0,46.1,3947.35,9022.5,1353.38,6090190.0,1240594.0,Modeled from EPA-style national trend + 2020 Census populations; metals/CO2 factors from USGS/DOE literature.
2020,California,614423985.0,283317727.0,46.1,49580.6,113327.09,16999.06,76495786.0,15582475.0,Modeled from EPA-style national trend + 2020 Census populations; metals/CO2 factors from USGS/DOE literature.
2020,Colorado,87125344.0,40174464.0,46.1,7030.53,16069.79,2410.47,10847105.0,2209596.0,Modeled from EPA-style national trend + 2020 Census populations; metals/CO2 factors from USGS/DOE literature.
2020,Connecticut,57406628.0,26470834.0,46.1,4632.4,10588.33,1588.25,7147125.0,1455896.0,Modeled from EPA-style national trend + 2020 Census populations; metals/CO2 factors from USGS/DOE literature.
2020,Delaware,15654378.0,7218407.0,46.1,1263.22,2887.36,433.1,1948970.0,397012.0,Modeled from EPA-style national trend + 2020 Census populations; metals/CO2 factors from USGS/DOE literature.
2020,Florida,366364561.0,168934770.0,46.1,29563.58,67573.91,10136.09,45612388.0,9291412.0,Modeled from EPA-style national trend + 2020 Census populations; metals/CO2 factors from USGS/DOE literature.
2020,Georgia,170140805.0,78453816.0,46.1,13729.42,31381.53,4707.23,21182530.0,4314960.0,Modeled from EPA-style national trend + 2020 Census populations; metals/CO2 factors from USGS/DOE literature.
2020,Hawaii,23682110.0,10920084.0,46.1,1911.01,4368.03,655.21,2948423.0,600605.0,Modeled from EPA-style national trend + 2020 Census populations; metals/CO2 factors from USGS/DOE literature.
2020,Idaho,31988184.0,14750107.0,46.1,2581.27,5900.04,885.01,3982529.0,811256.0,Modeled from EPA-style national trend + 2020 Census populations; metals/CO2 factors from USGS/DOE literature.
2020,Illinois,206964713.0,95433729.0,46.1,16700.9,38173.49,5726.02,25767107.0,5248855.0,Modeled from EPA-style national trend + 2020 Census populations; metals/CO2 factors from USGS/DOE literature.
2020,Indiana,118158661.0,54484271.0,46.1,9534.75,21793.71,3269.06,14710753.0,2996635.0,Modeled from EPA-style national trend + 2020 Census populations; metals/CO2 factors from USGS/DOE literature.
2020,Iowa,54789270.0,25263941.0,46.1,4421.19,10105.58,1515.84,6821264.0,1389517.0,Modeled from EPA-style national trend + 2020 Census populations; metals/CO2 factors from USGS/DOE literature.
2020,Kansas,51001597.0,23517403.0,46.1,4115.55,9406.96,1411.04,6349699.0,1293457.0,Modeled from EPA-style national trend + 2020 Census populations; metals/CO2 factors from USGS/DOE literature.
2020,Kentucky,76088551.0,35085276.0,46.1,6139.92,14034.11,2105.12,9473025.0,1929690.0,Modeled from EPA-style national trend + 2020 Census populations; metals/CO2 factors from USGS/DOE literature.
2020,Louisiana,82349144.0,37972105.0,46.1,6645.12,15188.84,2278.33,10252468.0,2088466.0,Modeled from EPA-style national trend + 2020 Census populations; metals/CO2 factors from USGS/DOE literature.
2020,Maine,23146479.0,10673099.0,46.1,1867.79,4269.24,640.39,2881737.0,587020.0,Modeled from EPA-style national trend + 2020 Census populations; metals/CO2 factors from USGS/DOE literature.
2020,Maryland,99350353.0,45811552.0,46.1,8017.02,18324.62,2748.69,12369119.0,2519635.0,Modeled from EPA-style national trend + 2020 Census populations; metals/CO2 factors from USGS/DOE literature.
2020,Massachusetts,123843704.0,57105708.0,46.1,9993.5,22842.28,3426.34,15418541.0,3140814.0,Modeled from EPA-style national trend + 2020 Census populations; metals/CO2 factors from USGS/DOE literature.
2020,Michigan,155123715.0,71529269.0,46.1,12517.62,28611.71,4291.76,19312903.0,3934110.0,Modeled from EPA-style national trend + 2020 Census populations; metals/CO2 factors from USGS/DOE literature.
2020,Minnesota,86320233.0,39803218.0,46.1,6965.56,15921.29,2388.19,10746869.0,2189177.0,Modeled from EPA-style national trend + 2020 Census populations; metals/CO2 factors from USGS/DOE literature.
2020,Mississippi,48821620.0,22512191.0,46.1,3939.63,9004.88,1350.73,6078292.0,1238171.0,Modeled from EPA-style national trend + 2020 Census populations; metals/CO2 factors from USGS/DOE literature.
2020,Missouri,109147124.0,50328952.0,46.1,8807.57,20131.58,3019.74,13588817.0,2768092.0,Modeled from EPA-style national trend + 2020 Census populations; metals/CO2 factors from USGS/DOE literature.
2020,Montana,16639240.0,7672538.0,46.1,1342.69,3069.02,460.35,2071585.0,421990.0,Modeled from EPA-style national trend + 2020 Census populations; metals/CO2 factors from USGS/DOE literature.
2020,Nebraska,31554061.0,14549928.0,46.1,2546.24,5819.97,873.0,3928481.0,800246.0,Modeled from EPA-style national trend + 2020 Census populations; metals/CO2 factors from USGS/DOE literature.
2020,Nevada,48897671.0,22547259.0,46.1,3945.77,9018.9,1352.84,6087760.0,1240099.0,Modeled from EPA-style national trend + 2020 Census populations; metals/CO2 factors from USGS/DOE literature.
2020,New Hampshire,21328741.0,9834919.0,46.1,1721.11,3933.97,590.1,2655428.0,540921.0,Modeled from EPA-style national trend + 2020 Census populations; metals/CO2 factors from USGS/DOE literature.
2020,New Jersey,165003497.0,76084946.0,46.1,13314.87,30433.98,4565.1,20542935.0,4184672.0,Modeled from EPA-style national trend + 2020 Census populations; metals/CO2 factors from USGS/DOE literature.
2020,New Mexico,36809591.0,16973311.0,46.1,2970.33,6789.32,1018.4,4582794.0,933532.0,Modeled from EPA-style national trend + 2020 Census populations; metals/CO2 factors from USGS/DOE literature.
2020,New York,333657296.0,153853086.0,46.1,26924.29,61541.23,9231.19,41540333.0,8461920.0,Modeled from EPA-style national trend + 2020 Census populations; metals/CO2 factors from USGS/DOE literature.
2020,North Carolina,162889251.0,75110043.0,46.1,13144.26,30044.02,4506.6,20279712.0,4131052.0,Modeled from EPA-style national trend + 2020 Census populations; metals/CO2 factors from USGS/DOE literature.
2020,North Dakota,13535460.0,6241351.0,46.1,1092.24,2496.54,374.48,1685165.0,343274.0,Modeled from EPA-style national trend + 2020 Census populations; metals/CO2 factors from USGS/DOE literature.
2020,Ohio,213216025.0,98316278.0,46.1,17205.35,39326.51,5898.98,26545395.0,5407395.0,Modeled from EPA-style national trend + 2020 Census populations; metals/CO2 factors from USGS/DOE literature.
2020,Oklahoma,64563850.0,29771108.0,46.1,5209.94,11908.44,1786.27,8038199.0,1637411.0,Modeled from EPA-style national trend + 2020 Census populations; metals/CO2 factors from USGS/DOE literature.
2020,Oregon,74250849.0,34237892.0,46.1,5991.63,13695.16,2054.27,9244231.0,1883084.0,Modeled from EPA-style national trend + 2020 Census populations; metals/CO2 factors from USGS/DOE literature.
2020,Pennsylvania,226983800.0,104664752.0,46.1,18316.33,41865.9,6279.89,28259483.0,5756561.0,Modeled from EPA-style national trend + 2020 Census populations; metals/CO2 factors from USGS/DOE literature.
2020,Rhode Island,19105368.0,8809698.0,46.1,1541.7,3523.88,528.58,2378618.0,484533.0,Modeled from EPA-style national trend + 2020 Census populations; metals/CO2 factors from USGS/DOE literature.
2020,South Carolina,85750680.0,39540591.0,46.1,6919.6,15816.24,2372.44,10675960.0,2174733.0,Modeled from EPA-style national trend + 2020 Census populations; metals/CO2 factors from USGS/DOE literature.
2020,South Dakota,16184628.0,7462912.0,46.1,1306.01,2985.16,447.77,2014986.0,410460.0,Modeled from EPA-style national trend + 2020 Census populations; metals/CO2 factors from USGS/DOE literature.
2020,Tennessee,105874069.0,48819710.0,46.1,8543.45,19527.88,2929.18,13181322.0,2685084.0,Modeled from EPA-style national trend + 2020 Census populations; metals/CO2 factors from USGS/DOE literature.
2020,Texas,487798602.0,224929355.0,46.1,39362.64,89971.74,13495.76,60730926.0,12371115.0,Modeled from EPA-style national trend + 2020 Census populations; metals/CO2 factors from USGS/DOE literature.
2020,Utah,53381868.0,24614972.0,46.1,4307.62,9845.99,1476.9,6646043.0,1353823.0,Modeled from EPA-style national trend + 2020 Census populations; metals/CO2 factors from USGS/DOE literature.
2020,Vermont,11153099.0,5142818.0,46.1,899.99,2057.13,308.57,1388561.0,282855.0,Modeled from EPA-style national trend + 2020 Census populations; metals/CO2 factors from USGS/DOE literature.
2020,Virginia,149208014.0,68801473.0,46.1,12040.26,27520.59,4128.09,18576398.0,3784081.0,Modeled from EPA-style national trend + 2020 Census populations; metals/CO2 factors from USGS/DOE literature.
2020,Washington,127085768.0,58600660.0,46.1,10255.12,23440.26,3516.04,15822178.0,3223036.0,Modeled from EPA-style national trend + 2020 Census populations; metals/CO2 factors from USGS/DOE literature.
2020,West Virginia,27569415.0,12712564.0,46.1,2224.7,5085.03,762.75,3432392.0,699191.0,Modeled from EPA-style national trend + 2020 Census populations; metals/CO2 factors from USGS/DOE literature.
2020,Wisconsin,95222837.0,43908308.0,46.1,7683.95,17563.32,2634.5,11855243.0,2414957.0,Modeled from EPA-style national trend + 2020 Census populations; metals/CO2 factors from USGS/DOE literature.
2020,Wyoming,9602646.0,4427887.0,46.1,774.88,1771.15,265.67,1195529.0,243534.0,Modeled from EPA-style national trend + 2020 Census populations; metals/CO2 factors from USGS/DOE literature.
2021,Alabama,84900267.0,41035129.0,48.3,7181.15,16414.05,2462.11,11079485.0,2256932.0,Modeled from EPA-style national trend + 2020 Census populations; metals/CO2 factors from USGS/DOE literature.
2021,Alaska,11727069.0,5668083.0,48.3,991.91,2267.23,340.08,1530382.0,311745.0,Modeled from EPA-style national trend + 2020 Census populations; metals/CO2 factors from USGS/DOE literature.
2021,Arizona,132055345.0,63826750.0,48.3,11169.68,25530.7,3829.61,17233223.0,3510471.0,Modeled from EPA-style national trend + 2020 Census populations; metals/CO2 factors from USGS/DOE literature.
2021,Arkansas,49895532.0,24116174.0,48.3,4220.33,9646.47,1446.97,6511367.0,1326390.0,Modeled from EPA-style national trend + 2020 Census populations; metals/CO2 factors from USGS/DOE literature.
2021,California,626712465.0,302911025.0,48.3,53009.43,121164.41,18174.66,81785977.0,16660106.0,Modeled from EPA-style national trend + 2020 Census populations; metals/CO2 factors from USGS/DOE literature.
2021,Colorado,88867851.0,42952795.0,48.3,7516.74,17181.12,2577.17,11597255.0,2362404.0,Modeled from EPA-style national trend + 2020 Census populations; metals/CO2 factors from USGS/DOE literature.
2021,Connecticut,58554761.0,28301468.0,48.3,4952.76,11320.59,1698.09,7641396.0,1556581.0,Modeled from EPA-style national trend + 2020 Census populations; metals/CO2 factors from USGS/DOE literature.
2021,Delaware,15967465.0,7717608.0,48.3,1350.58,3087.04,463.06,2083754.0,424468.0,Modeled from EPA-style national trend + 2020 Census populations; metals/CO2 factors from USGS/DOE literature.
2021,Florida,373691852.0,180617729.0,48.3,31608.1,72247.09,10837.06,48766787.0,9933975.0,Modeled from EPA-style national trend + 2020 Census populations; metals/CO2 factors from USGS/DOE literature.
2021,Georgia,173543622.0,83879417.0,48.3,14678.9,33551.77,5032.77,22647443.0,4613368.0,Modeled from EPA-style national trend + 2020 Census populations; metals/CO2 factors from USGS/DOE literature.
2021,Hawaii,24155752.0,11675280.0,48.3,2043.17,4670.11,700.52,3152326.0,642140.0,Modeled from EPA-style national trend + 2020 Census populations; metals/CO2 factors from USGS/DOE literature.
2021,Idaho,32627947.0,15770175.0,48.3,2759.78,6308.07,946.21,4257947.0,867360.0,Modeled from EPA-style national trend + 2020 Census populations; metals/CO2 factors from USGS/DOE literature.
2021,Illinois,211104007.0,102033603.0,48.3,17855.88,40813.44,6122.02,27549073.0,5611848.0,Modeled from EPA-style national trend + 2020 Census populations; metals/CO2 factors from USGS/DOE literature.
2021,Indiana,120521834.0,58252220.0,48.3,10194.14,23300.89,3495.13,15728099.0,3203872.0,Modeled from EPA-style national trend + 2020 Census populations; metals/CO2 factors from USGS/DOE literature.
2021,Iowa,55885056.0,27011110.0,48.3,4726.94,10804.44,1620.67,7293000.0,1485611.0,Modeled from EPA-style national trend + 2020 Census populations; metals/CO2 factors from USGS/DOE literature.
2021,Kansas,52021629.0,25143787.0,48.3,4400.16,10057.51,1508.63,6788823.0,1382908.0,Modeled from EPA-style national trend + 2020 Census populations; metals/CO2 factors from USGS/DOE literature.
2021,Kentucky,77610322.0,37511655.0,48.3,6564.54,15004.66,2250.7,10128147.0,2063141.0,Modeled from EPA-style national trend + 2020 Census populations; metals/CO2 factors from USGS/DOE literature.
2021,Louisiana,83996127.0,40598128.0,48.3,7104.67,16239.25,2435.89,10961495.0,2232897.0,Modeled from EPA-style national trend + 2020 Census populations; metals/CO2 factors from USGS/DOE literature.
2021,Maine,23609409.0,11411214.0,48.3,1996.96,4564.49,684.67,3081028.0,627617.0,Modeled from EPA-style national trend + 2020 Census populations; metals/CO2 factors from USGS/DOE literature.
2021,Maryland,101337360.0,48979724.0,48.3,8571.45,19591.89,2938.78,13224525.0,2693885.0,Modeled from EPA-style national trend + 2020 Census populations; metals/CO2 factors from USGS/DOE literature.
2021,Massachusetts,126320579.0,61054946.0,48.3,10684.62,24421.98,3663.3,16484836.0,3358022.0,Modeled from EPA-style national trend + 2020 Census populations; metals/CO2 factors from USGS/DOE literature.
2021,Michigan,158226189.0,76475992.0,48.3,13383.3,30590.4,4588.56,20648518.0,4206180.0,Modeled from EPA-style national trend + 2020 Census populations; metals/CO2 factors from USGS/DOE literature.
2021,Minnesota,88046637.0,42555875.0,48.3,7447.28,17022.35,2553.35,11490086.0,2340573.0,Modeled from EPA-style national trend + 2020 Census populations; metals/CO2 factors from USGS/DOE literature.
2021,Mississippi,49798052.0,24069059.0,48.3,4212.09,9627.62,1444.14,6498646.0,1323798.0,Modeled from EPA-style national trend + 2020 Census populations; metals/CO2 factors from USGS/DOE literature.
2021,Missouri,111330066.0,53809532.0,48.3,9416.67,21523.81,3228.57,14528574.0,2959524.0,Modeled from EPA-style national trend + 2020 Census populations; metals/CO2 factors from USGS/DOE literature.
2021,Montana,16972024.0,8203145.0,48.3,1435.55,3281.26,492.19,2214849.0,451173.0,Modeled from EPA-style national trend + 2020 Census populations; metals/CO2 factors from USGS/DOE literature.
2021,Nebraska,32185142.0,15556152.0,48.3,2722.33,6222.46,933.37,4200161.0,855588.0,Modeled from EPA-style national trend + 2020 Census populations; metals/CO2 factors from USGS/DOE literature.
2021,Nevada,49875624.0,24106552.0,48.3,4218.65,9642.62,1446.39,6508769.0,1325860.0,Modeled from EPA-style national trend + 2020 Census populations; metals/CO2 factors from USGS/DOE literature.
2021,New Hampshire,21755315.0,10515069.0,48.3,1840.14,4206.03,630.9,2839069.0,578329.0,Modeled from EPA-style national trend + 2020 Census populations; metals/CO2 factors from USGS/DOE literature.
2021,New Jersey,168303567.0,81346724.0,48.3,14235.68,32538.69,4880.8,21963615.0,4474070.0,Modeled from EPA-style national trend + 2020 Census populations; metals/CO2 factors from USGS/DOE literature.
2021,New Mexico,37545783.0,18147128.0,48.3,3175.75,7258.85,1088.83,4899725.0,998092.0,Modeled from EPA-style national trend + 2020 Census populations; metals/CO2 factors from USGS/DOE literature.
2021,New York,340330442.0,164493047.0,48.3,28786.28,65797.22,9869.58,44413123.0,9047118.0,Modeled from EPA-style national trend + 2020 Census populations; metals/CO2 factors from USGS/DOE literature.
2021,North Carolina,166147036.0,80304401.0,48.3,14053.27,32121.76,4818.26,21682188.0,4416742.0,Modeled from EPA-style national trend + 2020 Census populations; metals/CO2 factors from USGS/DOE literature.
2021,North Dakota,13806169.0,6672982.0,48.3,1167.77,2669.19,400.38,1801705.0,367014.0,Modeled from EPA-style national trend + 2020 Census populations; metals/CO2 factors from USGS/DOE literature.
2021,Ohio,217480346.0,105115501.0,48.3,18395.21,42046.2,6306.93,28381185.0,5781353.0,Modeled from EPA-style national trend + 2020 Census populations; metals/CO2 factors from USGS/DOE literature.
2021,Oklahoma,65855127.0,31829978.0,48.3,5570.25,12731.99,1909.8,8594094.0,1750649.0,Modeled from EPA-style national trend + 2020 Census populations; metals/CO2 factors from USGS/DOE literature.
2021,Oregon,75735866.0,36605669.0,48.3,6405.99,14642.27,2196.34,9883531.0,2013312.0,Modeled from EPA-style national trend + 2020 Census populations; metals/CO2 factors from USGS/DOE literature.
2021,Pennsylvania,231523476.0,111903013.0,48.3,19583.03,44761.21,6714.18,30213814.0,6154666.0,Modeled from EPA-style national trend + 2020 Census populations; metals/CO2 factors from USGS/DOE literature.
2021,Rhode Island,19487476.0,9418947.0,48.3,1648.32,3767.58,565.14,2543116.0,518042.0,Modeled from EPA-style national trend + 2020 Census populations; metals/CO2 factors from USGS/DOE literature.
2021,South Carolina,87465694.0,42275085.0,48.3,7398.14,16910.03,2536.51,11414273.0,2325130.0,Modeled from EPA-style national trend + 2020 Census populations; metals/CO2 factors from USGS/DOE literature.
2021,South Dakota,16508321.0,7979022.0,48.3,1396.33,3191.61,478.74,2154336.0,438846.0,Modeled from EPA-style national trend + 2020 Census populations; metals/CO2 factors from USGS/DOE literature.
2021,Tennessee,107991550.0,52195916.0,48.3,9134.29,20878.37,3131.75,14092897.0,2870775.0,Modeled from EPA-style national trend + 2020 Census populations; metals/CO2 factors from USGS/DOE literature.
2021,Texas,497554574.0,240484711.0,48.3,42084.82,96193.88,14429.08,64930872.0,13226659.0,Modeled from EPA-style national trend + 2020 Census populations; metals/CO2 factors from USGS/DOE literature.
2021,Utah,54449505.0,26317261.0,48.3,4605.52,10526.9,1579.04,7105660.0,1447449.0,Modeled from EPA-style national trend + 2020 Census populations; metals/CO2 factors from USGS/DOE literature.
2021,Vermont,11376161.0,5498478.0,48.3,962.23,2199.39,329.91,1484589.0,302416.0,Modeled from EPA-style national trend + 2020 Census populations; metals/CO2 factors from USGS/DOE literature.
2021,Virginia,152192174.0,73559551.0,48.3,12872.92,29423.82,4413.57,19861079.0,4045775.0,Modeled from EPA-style national trend + 2020 Census populations; metals/CO2 factors from USGS/DOE literature.
2021,Washington,129627483.0,62653284.0,48.3,10964.32,25061.31,3759.2,16916387.0,3445931.0,Modeled from EPA-style national trend + 2020 Census populations; metals/CO2 factors from USGS/DOE literature.
2021,West Virginia,28120803.0,13591722.0,48.3,2378.55,5436.69,815.5,3669765.0,747545.0,Modeled from EPA-style national trend + 2020 Census populations; metals/CO2 factors from USGS/DOE literature.
2021,Wisconsin,97127294.0,46944859.0,48.3,8215.35,18777.94,2816.69,12675112.0,2581967.0,Modeled from EPA-style national trend + 2020 Census populations; metals/CO2 factors from USGS/DOE literature.
2021,Wyoming,9794699.0,4734105.0,48.3,828.47,1893.64,284.05,1278208.0,260376.0,Modeled from EPA-style national trend + 2020 Census populations; metals/CO2 factors from USGS/DOE literature.
2022,Alabama,86564978.0,43763405.0,50.6,7658.6,17505.36,2625.8,11816119.0,2406987.0,Modeled from EPA-style national trend + 2020 Census populations; metals/CO2 factors from USGS/DOE literature.
2022,Alaska,11957011.0,6044933.0,50.6,1057.86,2417.97,362.7,1632132.0,332471.0,Modeled from EPA-style national trend + 2020 Census populations; metals/CO2 factors from USGS/DOE literature.
2022,Arizona,134644666.0,68070359.0,50.6,11912.31,27228.14,4084.22,18378997.0,3743870.0,Modeled from EPA-style national trend + 2020 Census populations; metals/CO2 factors from USGS/DOE literature.
2022,Arkansas,50873876.0,25719570.0,50.6,4500.92,10287.83,1543.17,6944284.0,1414576.0,Modeled from EPA-style national trend + 2020 Census populations; metals/CO2 factors from USGS/DOE literature.
2022,California,639000945.0,323050478.0,50.6,56533.83,129220.19,19383.03,87223629.0,17767776.0,Modeled from EPA-style national trend + 2020 Census populations; metals/CO2 factors from USGS/DOE literature.
2022,Colorado,90610358.0,45808570.0,50.6,8016.5,18323.43,2748.51,12368314.0,2519471.0,Modeled from EPA-style national trend + 2020 Census populations; metals/CO2 factors from USGS/DOE literature.
2022,Connecticut,59702894.0,30183130.0,50.6,5282.05,12073.25,1810.99,8149445.0,1660072.0,Modeled from EPA-style national trend + 2020 Census populations; metals/CO2 factors from USGS/DOE literature.
2022,Delaware,16280553.0,8230724.0,50.6,1440.38,3292.29,493.84,2222295.0,452690.0,Modeled from EPA-style national trend + 2020 Census populations; metals/CO2 factors from USGS/DOE literature.
2022,Florida,381019143.0,192626345.0,50.6,33709.61,77050.54,11557.58,52009113.0,10594449.0,Modeled from EPA-style national trend + 2020 Census populations; metals/CO2 factors from USGS/DOE literature.
2022,Georgia,176946438.0,89456255.0,50.6,15654.84,35782.5,5367.38,24153189.0,4920094.0,Modeled from EPA-style national trend + 2020 Census populations; metals/CO2 factors from USGS/DOE literature.
2022,Hawaii,24629394.0,12451527.0,50.6,2179.02,4980.61,747.09,3361912.0,684834.0,Modeled from EPA-style national trend + 2020 Census populations; metals/CO2 factors from USGS/DOE literature.
2022,Idaho,33267711.0,16818676.0,50.6,2943.27,6727.47,1009.12,4541043.0,925027.0,Modeled from EPA-style national trend + 2020 Census populations; metals/CO2 factors from USGS/DOE literature.
2022,Illinois,215243301.0,108817447.0,50.6,19043.05,43526.98,6529.05,29380711.0,5984960.0,Modeled from EPA-style national trend + 2020 Census populations; metals/CO2 factors from USGS/DOE literature.
2022,Indiana,122885007.0,62125198.0,50.6,10871.91,24850.08,3727.51,16773804.0,3416886.0,Modeled from EPA-style national trend + 2020 Census populations; metals/CO2 factors from USGS/DOE literature.
2022,Iowa,56980841.0,28806981.0,50.6,5041.22,11522.79,1728.42,7777885.0,1584384.0,Modeled from EPA-style national trend + 2020 Census populations; metals/CO2 factors from USGS/DOE literature.
2022,Kansas,53041661.0,26815506.0,50.6,4692.71,10726.2,1608.93,7240187.0,1474853.0,Modeled from EPA-style national trend + 2020 Census populations; metals/CO2 factors from USGS/DOE literature.
2022,Kentucky,79132093.0,40005669.0,50.6,7000.99,16002.27,2400.34,10801531.0,2200312.0,Modeled from EPA-style national trend + 2020 Census populations; metals/CO2 factors from USGS/DOE literature.
2022,Louisiana,85643110.0,43297350.0,50.6,7577.04,17318.94,2597.84,11690284.0,2381354.0,Modeled from EPA-style national trend + 2020 Census populations; metals/CO2 factors from USGS/DOE literature.
2022,Maine,24072339.0,12169905.0,50.6,2129.73,4867.96,730.19,3285874.0,669345.0,Modeled from EPA-style national trend + 2020 Census populations; metals/CO2 factors from USGS/DOE literature.
2022,Maryland,103324367.0,52236208.0,50.6,9141.34,20894.48,3134.17,14103776.0,2872991.0,Modeled from EPA-style national trend + 2020 Census populations; metals/CO2 factors from USGS/DOE literature.
2022,Massachusetts,128797453.0,65114268.0,50.6,11395.0,26045.71,3906.86,17580852.0,3581285.0,Modeled from EPA-style national trend + 2020 Census populations; metals/CO2 factors from USGS/DOE literature.
2022,Michigan,161328664.0,81560602.0,50.6,14273.11,32624.24,4893.64,22021363.0,4485833.0,Modeled from EPA-style national trend + 2020 Census populations; metals/CO2 factors from USGS/DOE literature.
2022,Minnesota,89773042.0,45385260.0,50.6,7942.42,18154.1,2723.12,12254020.0,2496189.0,Modeled from EPA-style national trend + 2020 Census populations; metals/CO2 factors from USGS/DOE literature.
2022,Mississippi,50774485.0,25669323.0,50.6,4492.13,10267.73,1540.16,6930717.0,1411813.0,Modeled from EPA-style national trend + 2020 Census populations; metals/CO2 factors from USGS/DOE literature.
2022,Missouri,113513009.0,57387132.0,50.6,10042.75,22954.85,3443.23,15494526.0,3156292.0,Modeled from EPA-style national trend + 2020 Census populations; metals/CO2 factors from USGS/DOE literature.
2022,Montana,17304809.0,8748542.0,50.6,1530.99,3499.42,524.91,2362106.0,481170.0,Modeled from EPA-style national trend + 2020 Census populations; metals/CO2 factors from USGS/DOE literature.
2022,Nebraska,32816223.0,16590424.0,50.6,2903.32,6636.17,995.43,4479415.0,912473.0,Modeled from EPA-style national trend + 2020 Census populations; metals/CO2 factors from USGS/DOE literature.
2022,Nevada,50853577.0,25709309.0,50.6,4499.13,10283.72,1542.56,6941513.0,1414012.0,Modeled from EPA-style national trend + 2020 Census populations; metals/CO2 factors from USGS/DOE literature.
2022,New Hampshire,22181890.0,11214178.0,50.6,1962.48,4485.67,672.85,3027828.0,616780.0,Modeled from EPA-style national trend + 2020 Census populations; metals/CO2 factors from USGS/DOE literature.
2022,New Jersey,171603637.0,86755172.0,50.6,15182.16,34702.07,5205.31,23423896.0,4771534.0,Modeled from EPA-style national trend + 2020 Census populations; metals/CO2 factors from USGS/DOE literature.
2022,New Mexico,38281974.0,19353665.0,50.6,3386.89,7741.47,1161.22,5225490.0,1064452.0,Modeled from EPA-style national trend + 2020 Census populations; metals/CO2 factors from USGS/DOE literature.
2022,New York,347003588.0,175429592.0,50.6,30700.18,70171.84,10525.78,47365990.0,9648628.0,Modeled from EPA-style national trend + 2020 Census populations; metals/CO2 factors from USGS/DOE literature.
2022,North Carolina,169404821.0,85643548.0,50.6,14987.62,34257.42,5138.61,23123758.0,4710395.0,Modeled from EPA-style national trend + 2020 Census populations; metals/CO2 factors from USGS/DOE literature.
2022,North Dakota,14076878.0,7116644.0,50.6,1245.41,2846.66,427.0,1921494.0,391415.0,Modeled from EPA-style national trend + 2020 Census populations; metals/CO2 factors from USGS/DOE literature.
2022,Ohio,221744666.0,112104248.0,50.6,19618.24,44841.7,6726.25,30268147.0,6165734.0,Modeled from EPA-style national trend + 2020 Census populations; metals/CO2 factors from USGS/DOE literature.
2022,Oklahoma,67146404.0,33946237.0,50.6,5940.59,13578.49,2036.77,9165484.0,1867043.0,Modeled from EPA-style national trend + 2020 Census populations; metals/CO2 factors from USGS/DOE literature.
2022,Oregon,77220883.0,39039447.0,50.6,6831.9,15615.78,2342.37,10540651.0,2147170.0,Modeled from EPA-style national trend + 2020 Census populations; metals/CO2 factors from USGS/DOE literature.
2022,Pennsylvania,236063152.0,119343038.0,50.6,20885.03,47737.22,7160.58,32222620.0,6563867.0,Modeled from EPA-style national trend + 2020 Census populations; metals/CO2 factors from USGS/DOE literature.
2022,Rhode Island,19869583.0,10045178.0,50.6,1757.91,4018.07,602.71,2712198.0,552485.0,Modeled from EPA-style national trend + 2020 Census populations; metals/CO2 factors from USGS/DOE literature.
2022,South Carolina,89180707.0,45085802.0,50.6,7890.02,18034.32,2705.15,12173167.0,2479719.0,Modeled from EPA-style national trend + 2020 Census populations; metals/CO2 factors from USGS/DOE literature.
2022,South Dakota,16832013.0,8509518.0,50.6,1489.17,3403.81,510.57,2297570.0,468023.0,Modeled from EPA-style national trend + 2020 Census populations; metals/CO2 factors from USGS/DOE literature.
2022,Tennessee,110109032.0,55666233.0,50.6,9741.59,22266.49,3339.97,15029883.0,3061643.0,Modeled from EPA-style national trend + 2020 Census populations; metals/CO2 factors from USGS/DOE literature.
2022,Texas,507310546.0,256473665.0,50.6,44882.89,102589.47,15388.42,69247890.0,14106052.0,Modeled from EPA-style national trend + 2020 Census populations; metals/CO2 factors from USGS/DOE literature.
2022,Utah,55517142.0,28067000.0,50.6,4911.72,11226.8,1684.02,7578090.0,1543685.0,Modeled from EPA-style national trend + 2020 Census populations; metals/CO2 factors from USGS/DOE literature.
2022,Vermont,11599223.0,5864051.0,50.6,1026.21,2345.62,351.84,1583294.0,322523.0,Modeled from EPA-style national trend + 2020 Census populations; metals/CO2 factors from USGS/DOE literature.
2022,Virginia,155176334.0,78450258.0,50.6,13728.8,31380.1,4707.02,21181570.0,4314764.0,Modeled from EPA-style national trend + 2020 Census populations; metals/CO2 factors from USGS/DOE literature.
2022,Washington,132169199.0,66818873.0,50.6,11693.3,26727.55,4009.13,18041096.0,3675038.0,Modeled from EPA-style national trend + 2020 Census populations; metals/CO2 factors from USGS/DOE literature.
2022,West Virginia,28672192.0,14495386.0,50.6,2536.69,5798.15,869.72,3913754.0,797246.0,Modeled from EPA-style national trend + 2020 Census populations; metals/CO2 factors from USGS/DOE literature.
2022,Wisconsin,99031751.0,50066052.0,50.6,8761.56,20026.42,3003.96,13517834.0,2753633.0,Modeled from EPA-style national trend + 2020 Census populations; metals/CO2 factors from USGS/DOE literature.
2022,Wyoming,9986752.0,5048858.0,50.6,883.55,2019.54,302.93,1363192.0,277687.0,Modeled from EPA-style national trend + 2020 Census populations; metals/CO2 factors from USGS/DOE literature.
2023,Alabama,88229689.0,46565669.0,52.8,8148.99,18626.27,2793.94,12572731.0,2561112.0,Modeled from EPA-style national trend + 2020 Census populations; metals/CO2 factors from USGS/DOE literature.
2023,Alaska,12186954.0,6432003.0,52.8,1125.6,2572.8,385.92,1736641.0,353760.0,Modeled from EPA-style national trend + 2020 Census populations; metals/CO2 factors from USGS/DOE literature.
2023,Arizona,137233986.0,72429048.0,52.8,12675.08,28971.62,4345.74,19555843.0,3983598.0,Modeled from EPA-style national trend + 2020 Census populations; metals/CO2 factors from USGS/DOE literature.
2023,Arkansas,51852219.0,27366449.0,52.8,4789.13,10946.58,1641.99,7388941.0,1505155.0,Modeled from EPA-style national trend + 2020 Census populations; metals/CO2 factors from USGS/DOE literature.
2023,California,651289425.0,343736085.0,52.8,60153.81,137494.43,20624.17,92808743.0,18905485.0,Modeled from EPA-style national trend + 2020 Census populations; metals/CO2 factors from USGS/DOE literature.
2023,Colorado,92352865.0,48741790.0,52.8,8529.81,19496.72,2924.51,13160283.0,2680798.0,Modeled from EPA-style national trend + 2020 Census populations; metals/CO2 factors from USGS/DOE literature.
2023,Connecticut,60851026.0,32115819.0,52.8,5620.27,12846.33,1926.95,8671271.0,1766370.0,Modeled from EPA-style national trend + 2020 Census populations; metals/CO2 factors from USGS/DOE literature.
2023,Delaware,16593640.0,8757755.0,52.8,1532.61,3503.1,525.47,2364594.0,481677.0,Modeled from EPA-style national trend + 2020 Census populations; metals/CO2 factors from USGS/DOE literature.
2023,Florida,388346435.0,204960618.0,52.8,35868.11,81984.25,12297.64,55339367.0,11272834.0,Modeled from EPA-style national trend + 2020 Census populations; metals/CO2 factors from USGS/DOE literature.
2023,Georgia,180349254.0,95184328.0,52.8,16657.26,38073.73,5711.06,25699769.0,5235138.0,Modeled from EPA-style national trend + 2020 Census populations; metals/CO2 factors from USGS/DOE literature.
2023,Hawaii,25103037.0,13248825.0,52.8,2318.54,5299.53,794.93,3577183.0,728685.0,Modeled from EPA-style national trend + 2020 Census populations; metals/CO2 factors from USGS/DOE literature.
2023,Idaho,33907475.0,17895612.0,52.8,3131.73,7158.24,1073.74,4831815.0,984259.0,Modeled from EPA-style national trend + 2020 Census populations; metals/CO2 factors from USGS/DOE literature.
2023,Illinois,219382595.0,115785259.0,52.8,20262.42,46314.1,6947.12,31262020.0,6368189.0,Modeled from EPA-style national trend + 2020 Census populations; metals/CO2 factors from USGS/DOE literature.
2023,Indiana,125248181.0,66103206.0,52.8,11568.06,26441.28,3966.19,17847866.0,3635676.0,Modeled from EPA-style national trend + 2020 Census populations; metals/CO2 factors from USGS/DOE literature.
2023,Iowa,58076627.0,30651553.0,52.8,5364.02,12260.62,1839.09,8275919.0,1685835.0,Modeled from EPA-style national trend + 2020 Census populations; metals/CO2 factors from USGS/DOE literature.
2023,Kansas,54061693.0,28532560.0,52.8,4993.2,11413.02,1711.95,7703791.0,1569291.0,Modeled from EPA-style national trend + 2020 Census populations; metals/CO2 factors from USGS/DOE literature.
2023,Kentucky,80653864.0,42567317.0,52.8,7449.28,17026.93,2554.04,11493176.0,2341202.0,Modeled from EPA-style national trend + 2020 Census populations; metals/CO2 factors from USGS/DOE literature.
2023,Louisiana,87290092.0,46069771.0,52.8,8062.21,18427.91,2764.19,12438838.0,2533837.0,Modeled from EPA-style national trend + 2020 Census populations; metals/CO2 factors from USGS/DOE literature.
2023,Maine,24535268.0,12949169.0,52.8,2266.1,5179.67,776.95,3496276.0,712204.0,Modeled from EPA-style national trend + 2020 Census populations; metals/CO2 factors from USGS/DOE literature.
2023,Maryland,105311374.0,55581003.0,52.8,9726.68,22232.4,3334.86,15006871.0,3056955.0,Modeled from EPA-style national trend + 2020 Census populations; metals/CO2 factors from USGS/DOE literature.
2023,Massachusetts,131274327.0,69283672.0,52.8,12124.64,27713.47,4157.02,18706592.0,3810602.0,Modeled from EPA-style national trend + 2020 Census populations; metals/CO2 factors from USGS/DOE literature.
2023,Michigan,164431138.0,86783101.0,52.8,15187.04,34713.24,5206.99,23431437.0,4773071.0,Modeled from EPA-style national trend + 2020 Census populations; metals/CO2 factors from USGS/DOE literature.
2023,Minnesota,91499447.0,48291375.0,52.8,8450.99,19316.55,2897.48,13038671.0,2656026.0,Modeled from EPA-style national trend + 2020 Census populations; metals/CO2 factors from USGS/DOE literature.
2023,Mississippi,51750917.0,27312984.0,52.8,4779.77,10925.19,1638.78,7374506.0,1502214.0,Modeled from EPA-style national trend + 2020 Census populations; metals/CO2 factors from USGS/DOE literature.
2023,Missouri,115695951.0,61061752.0,52.8,10685.81,24424.7,3663.71,16486673.0,3358396.0,Modeled from EPA-style national trend + 2020 Census populations; metals/CO2 factors from USGS/DOE literature.
2023,Montana,17637594.0,9308730.0,52.8,1629.03,3723.49,558.52,2513357.0,511980.0,Modeled from EPA-style national trend + 2020 Census populations; metals/CO2 factors from USGS/DOE literature.
2023,Nebraska,33447305.0,17652744.0,52.8,3089.23,7061.1,1059.16,4766241.0,970901.0,Modeled from EPA-style national trend + 2020 Census populations; metals/CO2 factors from USGS/DOE literature.
2023,Nevada,51831531.0,27355530.0,52.8,4787.22,10942.21,1641.33,7385993.0,1504554.0,Modeled from EPA-style national trend + 2020 Census populations; metals/CO2 factors from USGS/DOE literature.
2023,New Hampshire,22608465.0,11932245.0,52.8,2088.14,4772.9,715.93,3221706.0,656274.0,Modeled from EPA-style national trend + 2020 Census populations; metals/CO2 factors from USGS/DOE literature.
2023,New Jersey,174903707.0,92310290.0,52.8,16154.3,36924.12,5538.62,24923778.0,5077066.0,Modeled from EPA-style national trend + 2020 Census populations; metals/CO2 factors from USGS/DOE literature.
2023,New Mexico,39018166.0,20592921.0,52.8,3603.76,8237.17,1235.58,5560089.0,1132611.0,Modeled from EPA-style national trend + 2020 Census populations; metals/CO2 factors from USGS/DOE literature.
2023,New York,353676734.0,186662721.0,52.8,32665.98,74665.09,11199.76,50398935.0,10266450.0,Modeled from EPA-style national trend + 2020 Census populations; metals/CO2 factors from USGS/DOE literature.
2023,North Carolina,172662606.0,91127486.0,52.8,15947.31,36450.99,5467.65,24604421.0,5012012.0,Modeled from EPA-style national trend + 2020 Census populations; metals/CO2 factors from USGS/DOE literature.
2023,North Dakota,14347587.0,7572338.0,52.8,1325.16,3028.94,454.34,2044531.0,416479.0,Modeled from EPA-style national trend + 2020 Census populations; metals/CO2 factors from USGS/DOE literature.
2023,Ohio,226008987.0,119282521.0,52.8,20874.44,47713.01,7156.95,32206281.0,6560539.0,Modeled from EPA-style national trend + 2020 Census populations; metals/CO2 factors from USGS/DOE literature.
2023,Oklahoma,68437681.0,36119887.0,52.8,6320.98,14447.95,2167.19,9752369.0,1986594.0,Modeled from EPA-style national trend + 2020 Census populations; metals/CO2 factors from USGS/DOE literature.
2023,Oregon,78705900.0,41539225.0,52.8,7269.36,16615.69,2492.35,11215591.0,2284657.0,Modeled from EPA-style national trend + 2020 Census populations; metals/CO2 factors from USGS/DOE literature.
2023,Pennsylvania,240602828.0,126984826.0,52.8,22222.34,50793.93,7619.09,34285903.0,6984165.0,Modeled from EPA-style national trend + 2020 Census populations; metals/CO2 factors from USGS/DOE literature.
2023,Rhode Island,20251690.0,10688392.0,52.8,1870.47,4275.36,641.3,2885866.0,587862.0,Modeled from EPA-style national trend + 2020 Census populations; metals/CO2 factors from USGS/DOE literature.
2023,South Carolina,90895721.0,47972742.0,52.8,8395.23,19189.1,2878.36,12952640.0,2638501.0,Modeled from EPA-style national trend + 2020 Census populations; metals/CO2 factors from USGS/DOE literature.
2023,South Dakota,17155706.0,9054400.0,52.8,1584.52,3621.76,543.26,2444688.0,497992.0,Modeled from EPA-style national trend + 2020 Census populations; metals/CO2 factors from USGS/DOE literature.
2023,Tennessee,112226513.0,59230660.0,52.8,10365.37,23692.26,3553.84,15992278.0,3257686.0,Modeled from EPA-style national trend + 2020 Census populations; metals/CO2 factors from USGS/DOE literature.
2023,Texas,517066518.0,272896218.0,52.8,47756.84,109158.49,16373.77,73681979.0,15009292.0,Modeled from EPA-style national trend + 2020 Census populations; metals/CO2 factors from USGS/DOE literature.
2023,Utah,56584780.0,29864189.0,52.8,5226.23,11945.68,1791.85,8063331.0,1642530.0,Modeled from EPA-style national trend + 2020 Census populations; metals/CO2 factors from USGS/DOE literature.
2023,Vermont,11822285.0,6239539.0,52.8,1091.92,2495.82,374.37,1684676.0,343175.0,Modeled from EPA-style national trend + 2020 Census populations; metals/CO2 factors from USGS/DOE literature.
2023,Virginia,158160494.0,83473594.0,52.8,14607.88,33389.44,5008.42,22537870.0,4591048.0,Modeled from EPA-style national trend + 2020 Census populations; metals/CO2 factors from USGS/DOE literature.
2023,Washington,134710914.0,71097427.0,52.8,12442.05,28438.97,4265.85,19196305.0,3910358.0,Modeled from EPA-style national trend + 2020 Census populations; metals/CO2 factors from USGS/DOE literature.
2023,West Virginia,29223580.0,15423556.0,52.8,2699.12,6169.42,925.41,4164360.0,848296.0,Modeled from EPA-style national trend + 2020 Census populations; metals/CO2 factors from USGS/DOE literature.
2023,Wisconsin,100936207.0,53271887.0,52.8,9322.58,21308.75,3196.31,14383410.0,2929954.0,Modeled from EPA-style national trend + 2020 Census populations; metals/CO2 factors from USGS/DOE literature.
2023,Wyoming,10178805.0,5372147.0,52.8,940.13,2148.86,322.33,1450480.0,295468.0,Modeled from EPA-style national trend + 2020 Census populations; metals/CO2 factors from USGS/DOE literature.
2024,Alabama,89894400.0,49441920.0,55.0,8652.34,19776.77,2966.52,13349318.0,2719306.0,Modeled from EPA-style national trend + 2020 Census populations; metals/CO2 factors from USGS/DOE literature.
2024,Alaska,12416896.0,6829293.0,55.0,1195.13,2731.72,409.76,1843909.0,375611.0,Modeled from EPA-style national trend + 2020 Census populations; metals/CO2 factors from USGS/DOE literature.
2024,Arizona,139823307.0,76902819.0,55.0,13457.99,30761.13,4614.17,20763761.0,4229655.0,Modeled from EPA-style national trend + 2020 Census populations; metals/CO2 factors from USGS/DOE literature.
2024,Arkansas,52830563.0,29056810.0,55.0,5084.94,11622.72,1743.41,7845339.0,1598125.0,Modeled from EPA-style national trend + 2020 Census populations; metals/CO2 factors from USGS/DOE literature.
2024,California,663577904.0,364967847.0,55.0,63869.37,145987.14,21898.07,98541319.0,20073232.0,Modeled from EPA-style national trend + 2020 Census populations; metals/CO2 factors from USGS/DOE literature.
2024,Colorado,94095372.0,51752454.0,55.0,9056.68,20700.98,3105.15,13973163.0,2846385.0,Modeled from EPA-style national trend + 2020 Census populations; metals/CO2 factors from USGS/DOE literature.
2024,Connecticut,61999159.0,34099537.0,55.0,5967.42,13639.81,2045.97,9206875.0,1875475.0,Modeled from EPA-style national trend + 2020 Census populations; metals/CO2 factors from USGS/DOE literature.
2024,Delaware,16906728.0,9298700.0,55.0,1627.27,3719.48,557.92,2510649.0,511429.0,Modeled from EPA-style national trend + 2020 Census populations; metals/CO2 factors from USGS/DOE literature.
2024,Florida,395673726.0,217620549.0,55.0,38083.6,87048.22,13057.23,58757548.0,11969130.0,Modeled from EPA-style national trend + 2020 Census populations; metals/CO2 factors from USGS/DOE literature.
2024,Georgia,183752070.0,101063638.0,55.0,17686.14,40425.46,6063.82,27287182.0,5558500.0,Modeled from EPA-style national trend + 2020 Census populations; metals/CO2 factors from USGS/DOE literature.
2024,Hawaii,25576679.0,14067173.0,55.0,2461.76,5626.87,844.03,3798137.0,773695.0,Modeled from EPA-style national trend + 2020 Census populations; metals/CO2 factors from USGS/DOE literature.
2024,Idaho,34547238.0,19000981.0,55.0,3325.17,7600.39,1140.06,5130265.0,1045054.0,Modeled from EPA-style national trend + 2020 Census populations; metals/CO2 factors from USGS/DOE literature.
2024,Illinois,223521890.0,122937039.0,55.0,21513.98,49174.82,7376.22,33193001.0,6761537.0,Modeled from EPA-style national trend + 2020 Census populations; metals/CO2 factors from USGS/DOE literature.
2024,Indiana,127611354.0,70186245.0,55.0,12282.59,28074.5,4211.17,18950286.0,3860243.0,Modeled from EPA-style national trend + 2020 Census populations; metals/CO2 factors from USGS/DOE literature.
2024,Iowa,59172412.0,32544827.0,55.0,5695.34,13017.93,1952.69,8787103.0,1789965.0,Modeled from EPA-style national trend + 2020 Census populations; metals/CO2 factors from USGS/DOE literature.
2024,Kansas,55081725.0,30294948.0,55.0,5301.62,12117.98,1817.7,8179636.0,1666222.0,Modeled from EPA-style national trend + 2020 Census populations; metals/CO2 factors from USGS/DOE literature.
2024,Kentucky,82175635.0,45196599.0,55.0,7909.4,18078.64,2711.8,12203082.0,2485813.0,Modeled from EPA-style national trend + 2020 Census populations; metals/CO2 factors from USGS/DOE literature.
2024,Louisiana,88937075.0,48915391.0,55.0,8560.19,19566.16,2934.92,13207156.0,2690347.0,Modeled from EPA-style national trend + 2020 Census populations; metals/CO2 factors from USGS/DOE literature.
2024,Maine,24998198.0,13749009.0,55.0,2406.08,5499.6,824.94,3712232.0,756195.0,Modeled from EPA-style national trend + 2020 Census populations; metals/CO2 factors from USGS/DOE literature.
2024,Maryland,107298381.0,59014109.0,55.0,10327.47,23605.64,3540.85,15933810.0,3245776.0,Modeled from EPA-style national trend + 2020 Census populations; metals/CO2 factors from USGS/DOE literature.
2024,Massachusetts,133751201.0,73563160.0,55.0,12873.55,29425.26,4413.79,19862053.0,4045974.0,Modeled from EPA-style national trend + 2020 Census populations; metals/CO2 factors from USGS/DOE literature.
2024,Michigan,167533612.0,92143487.0,55.0,16125.11,36857.39,5528.61,24878741.0,5067892.0,Modeled from EPA-style national trend + 2020 Census populations; metals/CO2 factors from USGS/DOE literature.
2024,Minnesota,93225851.0,51274218.0,55.0,8972.99,20509.69,3076.45,13844039.0,2820082.0,Modeled from EPA-style national trend + 2020 Census populations; metals/CO2 factors from USGS/DOE literature.
2024,Mississippi,52727349.0,29000042.0,55.0,5075.01,11600.02,1740.0,7830011.0,1595002.0,Modeled from EPA-style national trend + 2020 Census populations; metals/CO2 factors from USGS/DOE literature.
2024,Missouri,117878894.0,64833392.0,55.0,11345.84,25933.36,3890.0,17505016.0,3565837.0,Modeled from EPA-style national trend + 2020 Census populations; metals/CO2 factors from USGS/DOE literature.
2024,Montana,17970379.0,9883708.0,55.0,1729.65,3953.48,593.02,2668601.0,543604.0,Modeled from EPA-style national trend + 2020 Census populations; metals/CO2 factors from USGS/DOE literature.
2024,Nebraska,34078386.0,18743112.0,55.0,3280.04,7497.24,1124.59,5060640.0,1030871.0,Modeled from EPA-style national trend + 2020 Census populations; metals/CO2 factors from USGS/DOE literature.
2024,Nevada,52809484.0,29045216.0,55.0,5082.91,11618.09,1742.71,7842208.0,1597487.0,Modeled from EPA-style national trend + 2020 Census populations; metals/CO2 factors from USGS/DOE literature.
2024,New Hampshire,23035040.0,12669272.0,55.0,2217.12,5067.71,760.16,3420703.0,696810.0,Modeled from EPA-style national trend + 2020 Census populations; metals/CO2 factors from USGS/DOE literature.
2024,New Jersey,178203776.0,98012077.0,55.0,17152.11,39204.83,5880.72,26463261.0,5390664.0,Modeled from EPA-style national trend + 2020 Census populations; metals/CO2 factors from USGS/DOE literature.
2024,New Mexico,39754358.0,21864897.0,55.0,3826.36,8745.96,1311.89,5903522.0,1202569.0,Modeled from EPA-style national trend + 2020 Census populations; metals/CO2 factors from USGS/DOE literature.
2024,New York,360349880.0,198192434.0,55.0,34683.68,79276.97,11891.55,53511957.0,10900584.0,Modeled from EPA-style national trend + 2020 Census populations; metals/CO2 factors from USGS/DOE literature.
2024,North Carolina,175920391.0,96756215.0,55.0,16932.34,38702.49,5805.37,26124178.0,5321592.0,Modeled from EPA-style national trend + 2020 Census populations; metals/CO2 factors from USGS/DOE literature.
2024,North Dakota,14618297.0,8040063.0,55.0,1407.01,3216.03,482.4,2170817.0,442203.0,Modeled from EPA-style national trend + 2020 Census populations; metals/CO2 factors from USGS/DOE literature.
2024,Ohio,230273307.0,126650319.0,55.0,22163.81,50660.13,7599.02,34195586.0,6965768.0,Modeled from EPA-style national trend + 2020 Census populations; metals/CO2 factors from USGS/DOE literature.
2024,Oklahoma,69728958.0,38350927.0,55.0,6711.41,15340.37,2301.06,10354750.0,2109301.0,Modeled from EPA-style national trend + 2020 Census populations; metals/CO2 factors from USGS/DOE literature.
2024,Oregon,80190917.0,44105004.0,55.0,7718.38,17642.0,2646.3,11908351.0,2425775.0,Modeled from EPA-style national trend + 2020 Census populations; metals/CO2 factors from USGS/DOE literature.
2024,Pennsylvania,245142504.0,134828377.0,55.0,23594.97,53931.35,8089.7,36403662.0,7415561.0,Modeled from EPA-style national trend + 2020 Census populations; metals/CO2 factors from USGS/DOE literature.
2024,Rhode Island,20633798.0,11348589.0,55.0,1986.0,4539.44,680.92,3064119.0,624172.0,Modeled from EPA-style national trend + 2020 Census populations; metals/CO2 factors from USGS/DOE literature.
2024,South Carolina,92610735.0,50935904.0,55.0,8913.78,20374.36,3056.15,13752694.0,2801475.0,Modeled from EPA-style national trend + 2020 Census populations; metals/CO2 factors from USGS/DOE literature.
2024,South Dakota,17479399.0,9613669.0,55.0,1682.39,3845.47,576.82,2595691.0,528752.0,Modeled from EPA-style national trend + 2020 Census populations; metals/CO2 factors from USGS/DOE literature.
2024,Tennessee,114343994.0,62889197.0,55.0,11005.61,25155.68,3773.35,16980083.0,3458906.0,Modeled from EPA-style national trend + 2020 Census populations; metals/CO2 factors from USGS/DOE literature.
2024,Texas,526822490.0,289752370.0,55.0,50706.66,115900.95,17385.14,78233140.0,15936380.0,Modeled from EPA-style national trend + 2020 Census populations; metals/CO2 factors from USGS/DOE literature.
2024,Utah,57652417.0,31708829.0,55.0,5549.05,12683.53,1902.53,8561384.0,1743986.0,Modeled from EPA-style national trend + 2020 Census populations; metals/CO2 factors from USGS/DOE literature.
2024,Vermont,12045347.0,6624941.0,55.0,1159.36,2649.98,397.5,1788734.0,364372.0,Modeled from EPA-style national trend + 2020 Census populations; metals/CO2 factors from USGS/DOE literature.
2024,Virginia,161144655.0,88629560.0,55.0,15510.17,35451.82,5317.77,23929981.0,4874626.0,Modeled from EPA-style national trend + 2020 Census populations; metals/CO2 factors from USGS/DOE literature.
2024,Washington,137252629.0,75488946.0,55.0,13210.57,30195.58,4529.34,20382015.0,4151892.0,Modeled from EPA-style national trend + 2020 Census populations; metals/CO2 factors from USGS/DOE literature.
2024,West Virginia,29774968.0,16376232.0,55.0,2865.84,6550.49,982.57,4421583.0,900693.0,Modeled from EPA-style national trend + 2020 Census populations; metals/CO2 factors from USGS/DOE literature.
2024,Wisconsin,102840664.0,56562365.0,55.0,9898.41,22624.95,3393.74,15271839.0,3110930.0,Modeled from EPA-style national trend + 2020 Census populations; metals/CO2 factors from USGS/DOE literature.
2024,Wyoming,10370858.0,5703972.0,55.0,998.2,2281.59,342.24,1540072.0,313718.0,Modeled from EPA-style national trend + 2020 Census populations; metals/CO2 factors from USGS/DOE literature.
